<application>
  <component name="GeneralSettings">
    <option name="showTipsOnStartup" value="false" />
  </component>
  <component name="Registry">
    <entry key="ide.balloon.shadow.size" value="0" />
    <entry key="win.editor.thumb.default.alpha.base" value="0" />
    <entry key="win.editor.thumb.default.alpha.delta" value="102" />
    <entry key="win.editor.thumb.darcula.alpha.base" value="0" />
    <entry key="win.editor.thumb.darcula.alpha.delta" value="102" />
    <entry key="win.editor.thumb.default.fill.min" value="102" />
    <entry key="win.editor.thumb.default.fill.max" value="150" />
    <entry key="win.editor.thumb.darcula.fill.min" value="102" />
    <entry key="debugger.watches.in.variables" value="false" />
    <entry key="git.explicit.commit.renames.prohibit.multiple.calls" value="false" />
    <entry key="SBT.system.in.process" value="true" />
    <entry key="BSP.experimental.feature.enabled" value="false" />
    <entry key="BSP.system.in.process" value="true" />
  </component>
</application>