<application>
  <component name="ProjectManager">
    <defaultProject>
      <component name="DefaultGradleProjectSettings">
        <option name="testRunner" value="GRADLE" />
        <option name="delegatedBuild" value="true" />
        <option name="isMigrated" value="true" />
      </component>
      <component name="GradleLocalSettings">
        <option name="projectSyncType">
          <map>
            <entry key="$USER_HOME$/CLOUD/administration" value="PREVIEW" />
            <entry key="$USER_HOME$/CLOUD/balder" value="PREVIEW" />
            <entry key="$USER_HOME$/CLOUD/btb" value="PREVIEW" />
            <entry key="$USER_HOME$/CLOUD/campaign" value="PREVIEW" />
            <entry key="$USER_HOME$/CLOUD/common-data" value="PREVIEW" />
            <entry key="$USER_HOME$/CLOUD/commons" value="PREVIEW" />
            <entry key="$USER_HOME$/CLOUD/customer" value="PREVIEW" />
            <entry key="$USER_HOME$/CLOUD/expenses" value="PREVIEW" />
            <entry key="$USER_HOME$/CLOUD/financial" value="PREVIEW" />
            <entry key="$USER_HOME$/CLOUD/heimdall" value="PREVIEW" />
            <entry key="$USER_HOME$/CLOUD/mapping" value="PREVIEW" />
            <entry key="$USER_HOME$/CLOUD/opportunity" value="PREVIEW" />
            <entry key="$USER_HOME$/CLOUD/product" value="PREVIEW" />
            <entry key="$USER_HOME$/CLOUD/sales" value="PREVIEW" />
            <entry key="$USER_HOME$/CLOUD/user" value="PREVIEW" />
          </map>
        </option>
      </component>
      <component name="ProjectCodeStyleConfiguration">
        <code_scheme name="Project" version="173">
          <DBN-PSQL>
            <case-options enabled="true">
              <option name="KEYWORD_CASE" value="lower" />
              <option name="FUNCTION_CASE" value="lower" />
              <option name="PARAMETER_CASE" value="lower" />
              <option name="DATATYPE_CASE" value="lower" />
              <option name="OBJECT_CASE" value="preserve" />
            </case-options>
            <formatting-settings enabled="false" />
          </DBN-PSQL>
          <DBN-SQL>
            <case-options enabled="true">
              <option name="KEYWORD_CASE" value="lower" />
              <option name="FUNCTION_CASE" value="lower" />
              <option name="PARAMETER_CASE" value="lower" />
              <option name="DATATYPE_CASE" value="lower" />
              <option name="OBJECT_CASE" value="preserve" />
            </case-options>
            <formatting-settings enabled="false">
              <option name="STATEMENT_SPACING" value="one_line" />
              <option name="CLAUSE_CHOP_DOWN" value="chop_down_if_statement_long" />
              <option name="ITERATION_ELEMENTS_WRAPPING" value="chop_down_if_not_single" />
            </formatting-settings>
          </DBN-SQL>
          <DBN-PSQL>
            <case-options enabled="true">
              <option name="KEYWORD_CASE" value="lower" />
              <option name="FUNCTION_CASE" value="lower" />
              <option name="PARAMETER_CASE" value="lower" />
              <option name="DATATYPE_CASE" value="lower" />
              <option name="OBJECT_CASE" value="preserve" />
            </case-options>
            <formatting-settings enabled="false" />
          </DBN-PSQL>
          <DBN-SQL>
            <case-options enabled="true">
              <option name="KEYWORD_CASE" value="lower" />
              <option name="FUNCTION_CASE" value="lower" />
              <option name="PARAMETER_CASE" value="lower" />
              <option name="DATATYPE_CASE" value="lower" />
              <option name="OBJECT_CASE" value="preserve" />
            </case-options>
            <formatting-settings enabled="false">
              <option name="STATEMENT_SPACING" value="one_line" />
              <option name="CLAUSE_CHOP_DOWN" value="chop_down_if_statement_long" />
              <option name="ITERATION_ELEMENTS_WRAPPING" value="chop_down_if_not_single" />
            </formatting-settings>
          </DBN-SQL>
        </code_scheme>
      </component>
      <component name="masterDetails">
        <states>
          <state key="ProjectJDKs.UI">
            <settings>
              <last-edited>1.8</last-edited>
              <splitter-proportions>
                <option name="proportions">
                  <list>
                    <option value="0.2" />
                  </list>
                </option>
              </splitter-proportions>
            </settings>
          </state>
        </states>
      </component>
    </defaultProject>
  </component>
</application>