{
	"MSG01E": {
		"pt-BR": "Este campo é obrigatório.",
		"en-US": "This field is required.",
		"es-ES": "Este campo es obligatorio."
	},
	"MSG02E": {
		"pt-BR": "Tela de pedido <nome da tela> já possui um campo com sequência <número da sequência>.",
		"en-US": "Order view <view name> already has a field with sequence <sequence number>.",
		"es-ES": "Pantalla de pedido <nombre de la pantalla> ya posee un campo con secuencia <número de la secuencia>."
	},
	"MSG03E": {
		"pt-BR": "Identificador de campo <nome do identificador> já existe na tela de pedido <nome da tela>.",
		"en-US": "Field identifier <identifier name> already exists on the order view <view name>.",
		"es-ES": "Identificador de campo <nombre del identificador> ya existe en la pantalla de pedido (nombre de la pantalla)."
	},
	"MSG04A": {
		"pt-BR": "Configuração de campo salva com sucesso.",
		"en-US": "Field configuration saved successfully.",
		"es-ES": "Configuración de campo guardada con éxito."
	},
	"MSG05A": {
		"pt-BR": "Configuração de campo alterada com sucesso.",
		"en-US": "Field configuration altered successfully.",
		"es-ES": "Configuración de campo alterada con éxito."
	},
	"MSG06A": {
		"pt-BR": "Configuração de campo deletada com sucesso.",
		"en-US": "Field configuration deleted successfully.",
		"es-ES": "Configuración de campo borrada con éxito."
	},
	"MSG07E": {
		"pt-BR": "Não existem campos configurados para a tela de pedido <nome da tela>.",
		"en-US": "There are no fields configured for the order view <view name>.",
		"es-ES": "No existen campos configurados para la pantalla de pedido <nombre de la pantalla>."
	},
	"MSG08A": {
		"pt-BR": "Limite de crédito negativo. Pedido estará sujeito a aprovação.",
		"en-US": "Negative credit limit . Order will be subject to approval.",
		"es-ES": "Límite de crédito negativo. Pedido estará sujeto a aprobación."
	},
	"MSG09E": {
		"pt-BR": "Não é possível finalizar o pedido com limite de crédito negativo.",
		"en-US": "It is not possible to finalize the order with negative credit limit.",
		"es-ES": "No es posible finalizar el pedido con límite de crédito negativo."
	},
	"MSG10E": {
		"pt-BR": "Cliente não possui cadastro de limite de crédito. Entre em contato com o administrador do sistema.",
		"en-US": "Customer does not have a credit limit register. Contact your system administrator.",
		"es-ES": "Cliente no posee registro de límite de crédito. Entre en contacto con el administrador del sistema."
	},
	"MSG11E": {
		"pt-BR": "Cliente possui limite de crédito negativo. Não é possível salvar o pedido.",
		"en-US": "Customer has negative credit limit. It is not possible to save the order.",
		"es-ES": "Cliente posee límite de crédito negativo. No es posible guardar el pedido."
	},
	"MSG12E": {
		"pt-BR": "Existe mais de um limite de crédito cadastrado para este cliente. Entre em contato com o administrador do sistema.",
		"en-US": "There is more than one credit limit registered for this customer. Contact your system administrator.",
		"es-ES": "Existe más de un límite de crédito registrado para este cliente. Entre en contacto con el administrador del sistema."
	},
	"MSG13E": {
		"pt-BR": "Já existe um limite de credito cadastrado para este cliente e local, com mesma vigência.",
		"en-US": "There is already a credit limit registered for this client and location, with the same validity.",
		"es-ES": "Ya existe un límite de crédito registrado para este cliente y local, con misma vigencia."
	},
	"MSG14E": {
		"pt-BR": "Já existe um limite de credito cadastrado para este cliente, com mesma vigência.",
		"en-US": "There is already a credit limit registered for this client, with the same validity.",
		"es-ES": "Ya existe un límite de crédito registrado para este cliente, con misma vigencia."
	},
	"MSG15A": {
		"pt-BR": "Não será possível finalizar pedido com limite de crédito negativo.",
		"en-US": "Sales order with negative credit limit can not be finalized.",
		"es-ES": "No será posible finalizar pedido con límite de crédito negativo."
	},
	"MSG16E": {
		"pt-BR": "Não é permitido alterar cliente, pois já existe consumo deste limite de crédito.",
		"en-US": "It is not allowed to change customer, because there is already consumption of this credit limit.",
		"es-ES": "No es permitido alterar cliente, pues ya existe consumo de este límite de crédito."
	},
	"MSG17E": {
		"pt-BR": "Não é permitido alterar local do cliente, pois já existe consumo deste limite de crédito.",
		"en-US": "It is not allowed to change customer, location because there is already consumption of this credit limit.",
		"es-ES": "No es permitido alterar local del cliente, pues ya existe consumo de este límite de crédito."
	},
	"MSG18E": {
		"pt-BR": "Não é permitido excluir limite de crédito com valor consumido maior que zero.",
		"en-US": "It is not allowed to exclude credit limit with consumed value greater than zero.",
		"es-ES": "No es permitido excluir límite de crédito con valor consumido mayor que cero."
	},
	"MSG19E": {
		"pt-BR": "Produto não pertence à tabela de preço.",
		"en-US": "Product does not belong to the price list.",
		"es-ES": "Producto no pertenece a la tabla de precio."
	},
	"MSG20E": {
		"pt-BR": "Tabela de preço não pode ser utilizada.",
		"en-US": "Price table can not be used.",
		"es-ES": "Tabla de precio no puede ser utilizada."
	},
	"MSG21E": {
		"pt-BR": "Não é possível salvar item de pedido sem tabela de preço.",
		"en-US": "Can not save order item without price table.",
		"es-ES": "No es posible guardar artículo de pedido sin tabla de precio."
	},
	"MSG22E": {
		"pt-BR": "O indicador “Bloquear a finalização de pedido para cliente com credito negativo\" pode estar ativado somente se o indicador \"Limite de crédito obrigatório\" estiver ativado.",
		"en-US": "The \"Block order finalization for customer with negative credit\" indicator can only be enabled if the \"Required credit limit\" indicator is enabled.",
		"es-ES": "El indicador \"Bloquear la finalización de pedido para cliente con crédito negativo\" puede estar activado solamente si el indicador \"Límite de crédito obligatorio\" está activado."
	},
	"MSG23A": {
		"pt-BR": "Produto não possui preço cadastrado.",
		"en-US": "Product has no registered price.",
		"es-ES": "Producto no posee precio registrado."
	},
	"MSG24E": {
		"pt-BR": "A quantidade máxima de parcelas permitidas para a condição de pagamento é {0}.",
		"en-US": "The maximum amount of instalments allowed for the payment condition is {0}.",
		"es-ES": "La cantidad máxima de cuotas permitidas para la condición de pago es {0}."
	},
	"MSG25E": {
		"pt-BR": "A somatória das parcelas deve ser igual ao valor total do pedido.",
		"en-US": "The sum of the instalments must be equal to the total value of the order.",
		"es-ES": "La suma de las cuotas debe ser igual al valor total del pedido."
	},
	"MSG26E": {
		"pt-BR": "Não pode haver parcelas com número repetido ou fora de sequência.",
		"en-US": "There can be no instalments with repeated number or out of sequence.",
		"es-ES": "No puede haber cuotas con número repetido o fuera de secuencia."
	},
	"MSG27E": {
		"pt-BR": "Não pode haver parcelas com mesma data de vencimento.",
		"en-US": "There can be no instalments with the same due date.",
		"es-ES": "No puede haber cuotas con misma fecha de vencimiento."
	},
	"MSG28E": {
		"pt-BR": "Data de vencimento não pode ser menor que a data do pedido.",
		"en-US": "Due date can not be less than the date of the order.",
		"es-ES": "Fecha de vencimiento no puede ser menor que la fecha del pedido."
	},
	"MSG29E": {
		"pt-BR": "Data de vencimento não pode ser menor ou igual a data de vencimento da parcela anterior.",
		"en-US": "Due date can not be less than or equal to the due date of the previous instalment.",
		"es-ES": "Fecha de vencimiento no puede ser menor o igual a la fecha de vencimiento de la cuota anterior."
	},
	"MSG30E": {
		"pt-BR": "Existem erros no cabeçalho. Não é possível continuar o pedido.",
		"en-US": "There are errors in the header. Can not continue the order.",
		"es-ES": "Existen errores en el encabezado. No es posible continuar el pedido."
	},
	"MSG31E": {
		"pt-BR": "Sincronize a aplicação para obter dados de situação do pedido e repita o processo. Caso o erro persistir, contate o administrador do sistema.",
		"en-US": "Synchronize the application to obtain order status data and repeat the process. If the error persists, contact your system administrator.",
		"es-ES": "Sincronice la aplicación para obtener datos de situación del pedido y repita el proceso. Si persiste el error, contacte al administrador del sistema."
	},
	"MSG32E": {
		"pt-BR": "Valor da parcela deve ser maior que zero.",
		"en-US": "Instalment value must be greater than zero.",
		"es-ES": "Valor de la cuota debe ser mayor que cero."
	},
	"MSG33A": {
		"pt-BR": "Informe um valor no campo 'Número de parcelas'.",
		"en-US": "Enter a value in the 'Number of instalments' field.",
		"es-ES": "Informe un valor en el campo 'Número de cuotas'."
	},
	"MSG34A": {
		"pt-BR": "Informe um valor no campo 'Dias entre parcelas'.",
		"en-US": "Enter a value in the 'Days between instalments' field.",
		"es-ES": "Informe un valor en el campo 'Días entre cuotas'."
	},
	"MSG35A": {
		"pt-BR": "Não existem registros a serem listados.",
		"en-US": "No records to list.",
		"es-ES": "No existen registros para listar."
	},
	"MSG36E": {
		"pt-BR": "Ocorreu um erro ao tentar localizar a empresa, por favor tente novamente.",
		"en-US": "There was an error while trying to locate the company, please try again.",
		"es-ES": "Ocurrió un error al intentar localizar la empresa, por favor intente nuevamente."
	},
	"MSG37E": {
		"pt-BR": "O valor do campo deve ser \"COMPRADOR\" ou \"VENDEDOR\".",
		"en-US": "The value of the field must be \"BUYER\" or \"SELLER\".",
		"es-ES": "El valor del campo debe ser \"COMPRADOR\" o \"VENDEDOR\"."
	},
	"MSG38E": {
		"pt-BR": "É permitido informar tratamento somente se o campo \"Semente tratada\" estiver ativado.",
		"en-US": "It is allowed to enter treatment only if the \"Treated seed\" field is enabled.",
		"es-ES": "Es permitido informar tratamiento solamente si el campo \"Semilla tratada\" está activado."
	},
	"MSG39E": {
		"pt-BR": "É permitido informar valor de tratamento somente se o campo \"Semente tratada\" estiver ativado.",
		"en-US": "It's allowed to enter treatment value only if the \"Treated seed\" field is enabled.",
		"es-ES": "Es permitido informar valor de tratamiento solamente si el campo \"Semilla tratada\" está activado."
	},
	"MSG40E": {
		"pt-BR": "O valor total do tratamento deve ser a Quantidade multiplicada pelo Valor do tratamento.",
		"en-US": "The total value of the treatment must be Quantity multiplied by the Treatment value.",
		"es-ES": "El valor total del tratamiento debe ser la Cantidad multiplicada por el Valor del tratamiento."
	},
	"MSG41E": {
		"pt-BR": "Valor do frete deve ser maior que zero se o tipo de frete é CIF.",
		"en-US": "Freight value must be greater than zero if the freight type is CIF.",
		"es-ES": "Valor del flete debe ser mayor que cero si el tipo de flete es CIF."
	},
	"MSG42E": {
		"pt-BR": "Não é permitido informar valor do frete se o tipo de frete for FOB.",
		"en-US": "It is not allowed to enter freight value if the freight type is FOB.",
		"es-ES": "No es permitido informar valor del flete si el tipo de flete es FOB."
	},
	"MSG43E": {
		"pt-BR": "Preço unitário geral está inconsistente.",
		"en-US": "Overall unit price is inconsistent.",
		"es-ES": "Precio unitario general está inconsistente."
	},
	"MSG44E": {
		"pt-BR": "Valor total do tratamento não pode ter valor se o campo \"Semente tratada\" estiver desativado.",
		"en-US": "Total treatment value can not be counted if the \"Treated seed\" field is disabled.",
		"es-ES": "Valor total del tratamiento no puede tener valor si el campo \"Semilla tratada\" está desactivado."
	},
	"MSG45E": {
		"pt-BR": "Deve ser maior que zero.",
		"en-US": "Must be greater than zero.",
		"es-ES": "Debe ser mayor que cero."
	},
	"MSG46E": {
		"pt-BR": "O local de entrega deve pertencer ao cliente informado no cabeçalho do pedido.",
		"en-US": "The delivery location must belong to the client entered in the order header.",
		"es-ES": "El local del entrega debe pertenecer al cliente informado en el encabezado del pedido."
	},
	"MSG47E": {
		"pt-BR": "Data fim deve ser maior ou igual a data início.",
		"en-US": "End date must be greater than or equal to start date.",
		"es-ES": "La fecha final debe ser mayor o igual a la fecha de inicio."
	},
	"MSG48E": {
		"pt-BR": "Expressão {0} não encontrada.",
		"en-US": "Expression {0} not found.",
		"es-ES": "La expresión {0} no se encuentra."
	},
	"MSG49E": {
		"pt-BR": "Uma ou mais propriedades estão com formatos inválidos.",
		"en-US": "One or more properties are in invalid formats.",
		"es-ES": "Una o más propiedades están con formatos inválidos."
	},
	"MSG50E": {
		"pt-BR": "A quantidade está inválida para a embalagem.",
		"en-US": "The quantity is invalid for packaging.",
		"es-ES": "La cantidad no es válida para el envase."
	},
	"MSG51E": {
		"pt-BR": "Uma ou mais propriedades não foram reconhecidas.",
		"en-US": "One or more properties were not recognized.",
		"es-ES": "Una o más propiedades no se han reconocido."
	},
	"MSG52Q": {
		"pt-BR": "O arquivo existente será substituído pelo arquivo selecionado. Deseja continuar?",
		"en-US": "The existing file will be replaced by the selected file. Do you wish to continue?",
		"es-ES": "El archivo existente será sustituido por el archivo seleccionado. ¿Desea continuar?"
	},
	"MSG53E": {
		"pt-BR": "Para iniciar um pedido é necessário iniciar atendimento.",
		"en-US": "To start an order it is necessary to start a service.",
		"es-ES": "Para iniciar un pedido es necesario iniciar atención."
	},
	"MSG54E": {
		"pt-BR": "Erro: A condição de pagamento ${paymentTermDescription} ja está definida como padrão.",
		"en-US": "Error: The payment term ${paymentTermDescription} is already set as standard ",
		"es-ES": "Error: La condición de pago ${paymentTermDescription} ya está definida como estándar"
	},
	"MSG55E": {
		"pt-BR": "O campo 'Lançamento até' deve ser maior ou igual ao campo 'Lançamento de'.",
		"en-US": "The 'New to' field must be greater than or equal to the 'New from' field.",
		"es-ES": "El campo 'Nuevo a' debe ser mayor o igual al campo 'Nuevo de'."
	},
	"MSG56E": {
		"pt-BR": "Campo 'Valor royalty' não pode ter valor, pois o tipo selecionado foi 'TECNOLOGIA'.",
		"en-US": "Royalty value field can not have value because the selected type was 'TECHNOLOGY'.",
		"es-ES": "Campo 'Valor del royalty' no puede tener valor, ya que el tipo seleccionado fue 'TECNOLOGÍA'."
	},
	"MSG57E": {
		"pt-BR": "Campo 'Valor tecnologia' não pode ter valor, pois o tipo selecionado foi 'ROYALTY'.",
		"en-US": "Technology value field can not have value because the selected type was 'ROYALTY'.",
		"es-ES": "Campo 'Valor del tecnología' no puede tener valor, ya que el tipo seleccionado fue 'ROYALTY'."
	},
	"MSG58E": {
		"pt-BR": "Não é permitido alterar a moeda.",
		"en-US": "It is not allowed to change the currency.",
		"es-ES": "No es permitido cambiar la moneda."
	},
	"MSG59E": {
		"pt-BR": "O {0} informado deve estar relacionado ao atendimento em execução. (profissional, cliente)",
		"en-US": "The given {0} must be related to the running service.",
		"es-ES": "El {0} informado debe estar relacionado a la atención en ejecución."
	},
	"MSG60E": {
		"pt-BR": " A empresa informada deve estar relacionada à carteira do profissional.",
		"en-US": "The given company must be related to the account of the professional",
		"es-ES": "La empresa informada debe estar relacionada a la cartera del profesional."
	},
	"MSG61E": {
		"pt-BR": "O cliente informado deve estar relacionado ao profissional e a empresa via carteira de clientes.",
		"en-US": "The given customer must be related to the professional and the company by the customers' account. ",
		"es-ES": "El cliente informado debe estar relacionado al profesional y a la empresa vía cartera de clientes."
	},
	"MSG62A": {
		"pt-BR": "Cabeçalho atualizado com sucesso.",
		"en-US": "Header updated successfully.",
		"es-ES": "Encabezado actualizado con éxito."
	},
	"MSG63E": {
		"pt-BR": "O parametro {0} deve ser desativado para que o parametro {1} seja ativado.",
		"en-US": "Parameter {0} must be deactivated so that the {1} parameter is activated",
		"es-ES": "El parámetro {0} debe ser desactivado para que el parámetro {1} sea activado"
	},
	"MSG64E": {
		"pt-BR": "Deve ser menor ou igual à 100.",
		"en-US": "Must be less than or equal to 100.",
		"es-ES": "Debe ser menor o igual a 100."
	},
	"MSG65E": {
		"pt-BR": "Deve ser maior ou igual à zero.",
		"en-US": "Must be greater than or equal to zero.",
		"es-ES": "Debe ser mayor o igual a cero."
	},
	"MSG66E": {
		"pt-BR": "Valor informado gera valores negativos ou zerados nas demais parcelas. Informe outro valor.",
		"en-US": "Entered value generates negative or zero values ​​in other installments. Enter other value.",
		"es-ES": "Valor informado genera valores negativos o en cero en las demás cuotas. Informe otro valor."
	},
	"MSG67Q": {
		"pt-BR": "As parcelas anteriores serão recalculadas. Deseja continuar?",
		"en-US": "The previous installments will be recalculated. Do you wish to continue?",
		"es-ES": "Las cuotas anteriores serán recalculadas. ¿Desea continuar?"
	},
	"MSG68E": {
		"pt-BR": "O plugin parcelas está desabilitado. Habilite-o para salvar informações de parcelas.",
		"en-US": "The installments plugin is disabled. Enable it to save instalments data.",
		"es-ES": "El plugin cuotas está deshabilitado. Habilítelo para guardar informaciones de cuotas."
	},
	"MSG69E": {
		"pt-BR": "Não é possível atualizar pedidos finalizados.",
		"en-US": "Cannot update finished orders.",
		"es-ES": "No es posible actualizar pedidos finalizados."
	},
	"MSG70E": {
		"pt-BR": "Data de vencimento não pode ser maior ou igual a data de vencimento da próxima parcela.",
		"en-US": "Due date can not be higher than or equal to the due date of the next installment.",
		"es-ES": "La fecha de vencimiento no puede ser mayor o igual a la fecha de vencimiento de la próxima cuota."
	},
	"MSG71E": {
		"pt-BR": "A parcela informada não foi encontrada.",
		"en-US": "The instalment informed was not found",
		"es-ES": "La cuota informada no fue encontrada."
	},
	"MSG72E": {
		"pt-BR": "O plugin de pedido de sementes deve estar ativo para que os campos relacionados sejam informados",
		"en-US": "The seed request plugin must be active for related fields to be informed",
		"es-ES": "El plugin de pedido de semillas debe estar activo para que los campos relacionados sean informados"
	},
	"MSG73E": {
		"pt-BR": "O registro informado não foi encontrado, verifique se o mesmo não foi deletado",
		"en-US": "The reported record was not found, check that it has not been deleted",
		"es-ES": "El registro informado no fue encontrado, verifique si el mismo no fue borrado"
	},
	"MSG74E": {
		"pt-BR": "O valor informado para o campo deve ser apenas ‘ROYALTY’ ou ‘TECHNOLOGY’",
		"en-US": "The value entered for the field must be only 'ROYALTY' or 'TECHNOLOGY'",
		"es-ES": "El valor informado para el campo debe ser apenas 'ROYALTY' o 'TECHNOLOGY'"
	},
	"MSG75E": {
		"pt-BR": "Embalagem não deve ser informada para produto do tipo BAG",
		"en-US": "Packaging not to be reported for BAG type product",
		"es-ES": "Embalaje no debe ser informada para producto del tipo BAG"
	},
	"MSG76E": {
		"pt-BR": "O valor de desconto e acréscimo não devem ser informados na mesma transação",
		"en-US": "The discount and increase value should not be reported in the same transaction",
		"es-ES": "Los valores de descuento y aumento no deben ser informados en la misma transacción"
	},
	"MSG77E": {
		"pt-BR": "O plugin de ROYALTY/TECHNOLOGY deve estar ativo para que os campos relacionados sejam informados",
		"en-US": "The ROYALTY/TECHNOLOGY plugin must be active for related fields to be informed",
		"es-ES": "El plugin de ROYALTY/TECHNOLOGY debe estar activo para que los campos relacionados sean informados"
	},
	"MSG78E": {
		"pt-BR": "O número de parcelas deve ser igual ou inferior ao número máximo de parcelas",
		"en-US": "The number of installments shall be equal to or less than the maximum number of installments",
		"es-ES": "El número de cuotas debe ser igual o inferior al número máximo de cuotas     "
	},
	"MSG79E": {
		"pt-BR": "O indicador “Habilitar campos Valor de royalty/tecnologia\" pode estar ativado somente se o indicador \"Pedido de sementes\" estiver ativado."
	},
	"MSG80E": {
		"pt-BR": "Já existe um apontamento de estoque para local {0}, produto {1} e data e hora {2}.",
		"en-US": "There is already a inventory input for location {0}, product {1}, and time {2}.",
		"es-ES": "Ya existe un lanzamiento de stock para local {0}, producto {1} y fecha y hora{2}."
	},
	"MSG81E": {
		"pt-BR": "Quantidade não pode ser negativa.",
		"en-US": "Quantity can not be negative.",
		"es-ES": "La cantidad no puede ser negativa."
	},
	"MSG82E": {
		"pt-BR": "Parametro 'Pedido de sementes' não pode ser ativado.",
		"en-US": "Parametro 'Pedido de sementes' não pode ser ativado.",
		"es-ES": "Parámetro 'Pedido de semillas' no puede ser activado."
	},
	"MSG83E": {
		"pt-BR": "Parametro 'Habilitar campos Valor de royalty/technologia' não pode ser ativado.",
		"en-US": "Parametro 'Habilitar campos Valor de royalty/technologia' não pode ser ativado.",
		"es-ES": "Parámetro 'Habilitar campos Valor de royalty/technologia' no puede ser activado."
	},
	"MSG84E": {
		"pt-BR": "Parametro 'Gerar contrato utilizando modelo pré-cadastrado' não pode ser ativado.",
		"en-US": "Parametro 'Gerar contrato utilizando modelo pré-cadastrado' não pode ser ativado.",
		"es-ES": "Parámetro 'Generar contrato utilizando modelo pre-registrado' no puede ser activado."
	},
	"MSG85E": {
		"pt-BR": "Parametro 'Habilitar campos de semente no configurador' não pode ser ativado.",
		"en-US": "Parametro 'Habilitar campos de semente no configurador' não pode ser ativado.",
		"es-ES": "Parámetro 'Habilitar campos de semilla en el configurador' no puede ser activado."
	},
	"MSG86E": {
		"pt-BR": "Campo 'Valor royalty' não pode ter valor, pois o tipo não foi selecionado.",
		"en-US": "Royalty value field can not have value because the type was not selected.",
		"es-ES": "Campo 'Valor del royalty' no puede tener valor, ya que el tipo no fue seleccionado."
	},
	"MSG87E": {
		"pt-BR": "Campo 'Valor tecnologia' não pode ter valor, pois o tipo não foi selecionado.",
		"en-US": "Royalty value field can not have value because the type was not selected.",
		"es-ES": "Campo 'Valor del tecnología' no puede tener valor, ya que el tipo no fue seleccionado."
	},
	"MSG88E": {
		"pt-BR": "Data inválida.",
		"en-US": "Invalid date.",
		"es-ES": "Fecha inválida."
	},
	"MSG89E": {
		"pt-BR": "Não é permitido alterar este pedido, pois o mesmo tem origem em ambiente externo.",
		"en-US": "It is not allowed to change this order, since it originates in an external environment.",
		"es-ES": "No se permite actualizar este pedido, pues el mismo tiene su origen en un ambiente externo."
	},
	"MSG90E": {
		"pt-BR": "Não é permitido excluir este pedido, pois o mesmo tem origem em ambiente externo.",
		"en-US": "It is not allowed to delete this order, since it originates in an external environment.",
		"es-ES": "No se permite borrar este pedido, pues el mismo tiene su origen en un ambiente externo."
	},
	"MSG106E": {
		"pt-BR": "Moeda que está vinculada à tabela de preço não possui sigla cadastrada.",
		"en-US": "Currency that is linked to the price list does not have an acronym.",
		"es-ES": "La moneda que está vinculada a la tabla de precios no tiene una sigla registrada."
	},
	"MSG107E": {
		"pt-BR": "Tipo de frete não pode ser alterado pois existem itens inseridos no pedido.",
		"en-US": "Freight type can not be changed because there are products entered in the order.",
		"es-ES": "El tipo de flete no se puede cambiar porque hay productos insertados en el pedido."
	},
	"MSG118E": {
		"pt-BR": "Parâmetro page deve ser um integer.",
		"en-US": "Page param must be an integer.",
		"es-ES": "Parámetro page debe ser un integer."
	},
	"MSG119E": {
		"pt-BR": "Parâmetro sort deve conter dois valores, sendo o primeiro o campo e o segundo a direção (asc ou desc). Exemplo: sort=description,desc.",
		"en-US": "Sort param must contain two values being the first the field and the second the direction(asc or desc). Example: sort=description,desc.",
		"es-ES": "Parámetro sort debe contener dos valores, siendo el primer el campo y el segundo la dirección (asc o desc). Ejemplo: sort=description,desc."
	},
	"MSG120E": {
		"pt-BR": "Parâmetro sort deve conter dois valores, sendo o primeiro o campo e o segundo a direção (asc ou desc). Exemplo: sort=description,desc.",
		"en-US": "Sort param must contain two values being the first the field and the second the direction(asc or desc). Example: sort=description,desc.",
		"es-ES": "Parámetro sort debe contener dos valores, siendo el primer el campo y el segundo la dirección (asc o desc). Ejemplo: sort=description,desc."
	},
	"MSG121E": {
		"pt-BR": "O método PATCH aceita apenas os headers 'application/json-patch+json' ou 'application/merge-patch+json'.",
		"en-US": "PATCH method accepts only 'application/json-patch+json' or 'application/merge-patch+json' headers.",
		"es-ES": "El método PATCH acepta apenas los headers 'application/json-patch+json' o 'application/merge-patch+json'."
	},
	"MSG122E": {
		"pt-BR": "O método PATCH aceita apenas os headers 'application/json-patch+json' ou 'application/merge-patch+json'.",
		"en-US": "Content format is invalid , the format should follow the rules on  RFC 6902 for 'application/merge-patch+json' and RFC 7386 for 'application/json-patch+json'.",
		"es-ES": "Formato de contenido inválido, el formato debe seguir la RFC 6902 para 'application/merge-patch+json' y RFC 7386 para 'application/json-patch+json'."
	},
	"MSG123E": {
		"pt-BR": "Deve ser falso.",
		"en-US": "Must be false.",
		"es-ES": "Debe ser falso."
	},
	"MSG124E": {
		"pt-BR": "Deve ser verdadeiro.",
		"en-US": "Must be true.",
		"es-ES": "Debe ser verdadero."
	},
	"MSG125E": {
		"pt-BR": "Valor numérico fora do limite (<${integer} dígitos>.<${fraction} dígitos> esperado).",
		"en-US": "Numeric value outside of given parameters (<${integer} digits>.<${fraction} digits> expected).",
		"es-ES": "Valor numérico fuera del límite (<${integer} dígitos>.<${fraction} dígitos> esperado)."
	},
	"MSG126E": {
		"pt-BR": "Não é um formato de endereço de e-mail.",
		"en-US": "Must be a well-formed email address.",
		"es-ES": "No es una dirección de e-mail."
	},
	"MSG127E": {
		"pt-BR": "Deve estar no futuro.",
		"en-US": "Must be in the future.",
		"es-ES": "Debe estar en el futuro."
	},
	"MSG128E": {
		"pt-BR": "Deve estar no futuro.",
		"en-US": "Must be in the future.",
		"es-ES": "Debe estar en el futuro."
	},
	"MSG129E": {
		"pt-BR": "Deve ser menor ou igual a ${value}.",
		"en-US": "Must be less than or equal to ${value}.",
		"es-ES": "Debe ser menor o igual a ${value}."
	},
	"MSG130E": {
		"pt-BR": "Deve ser maior ou igual a ${value}.",
		"en-US": "Must be greater than or equal to ${value}.",
		"es-ES": "Debe ser mayor o igual a ${value}."
	},
	"MSG131E": {
		"pt-BR": "Não pode estar em branco.",
		"en-US": "Must not be blank.",
		"es-ES": "No puede estar en blanco."
	},
	"MSG132E": {
		"pt-BR": "Não pode estar vazio.",
		"en-US": "Must not be empty.",
		"es-ES": "No puede estar vacío."
	},
	"MSG133E": {
		"pt-BR": "Deve ser nulo.",
		"en-US": "Must be null.",
		"es-ES": "Debe ser nulo."
	},
	"MSG134E": {
		"pt-BR": "Parametros inválidos, ver log de erros do servidor.",
		"en-US": "Invalid parameters, see error log on server.",
		"es-ES": "Parámetros inválidos, vea el log de error en el servidor."
	},
	"MSG135E": {
		"pt-BR": "Não é possível finalizar pedido sem itens.",
		"en-US": "An order can not be finalized without items.",
		"es-ES": "No es posible enviar un pedido sin artículos."
	},
	"MSG136E": {
		"pt-BR": "Um pedido confirmado não pode ser editado.",
		"en-US": "A confirmed order cannot be edited.",
		"es-ES": "Un pedido confirmado no puede ser editado."
	},
	"MSG137E": {
		"pt-BR": "Um pedido confirmado não pode ser removido.",
		"en-US": "A confirmed order cannot be removed.",
		"es-ES": "Un pedido confirmado no puede ser eliminado."
	},
	"MSG138E": {
		"pt-BR": "O produto na lista de preços está inativo.",
		"en-US": "The product is inactive in price list."
	},
	"MSG139E": {
		"pt-BR": "Não é possível realizar o pedido. Existe um atendimento em execução para outro cliente.",
		"en-US": "It's not possible to place the order. There is a service running for a different customer.",
		"es-ES": "No es posible realizar el pedido. Existe una atención en ejecución para otro cliente."
	},
	"MSG140E": {
		"pt-BR": "A data de faturamento deve ser menor ou igual a data atual.",
		"en-US": "The billing date must be equal to or before the current date.",
		"es-ES": "La fecha de facturación debe ser menor o igual a la fecha actual."
	},
	"MSG141E": {
		"pt-BR": "A unidade de medida informada para o item não existe.",
		"en-US": "The measure unit informed for the item doesn't exist.",
		"es-ES": "La unidad de medida informada para el artículo no existe."
	},
	"MSG142E": {
		"pt-BR": "O produto informado para o item não existe.",
		"en-US": "The product informed for the item doesn't exist.",
		"es-ES": "El producto informado para el artículo no existe."
	},
	"MSG143E": {
		"pt-BR": "A quantidade informada deve ser maior que zero.",
		"en-US": "The quantity informed must be greater than zero."
	},
	"MSG144E": {
		"pt-BR": "O produto informado não foi encontrado.",
		"en-US": "The product informed not found."
	},
	"MSG145E": {
		"pt-BR": "O produto informado está inativo.",
		"en-US": "The product informed is inactive."
	},
	"MSG146E": {
		"pt-BR": "A tabela de preço informada não foi encontrada.",
		"en-US": "Price list not found."
	},
	"MSG148E": {
		"pt-BR": "A tabela de preço informada está inativa.",
		"en-US": "The price list informed is inactive."
	},
	"MSG150E": {
		"pt-BR": "O item da tabela de preço informado não foi encontrado.",
		"en-US": "The price list item informed not found."
	},
	"MSG151E": {
		"pt-BR": "O item da tabela de perço não pertence a tabela de preço.",
		"en-US": "The price list item must to belongs to price list.",
		"es-ES": "El artículo de la tabla de precio no pertenece a la tabla de precio."
	},
	"MSG152E": {
		"pt-BR": "A embalagem informada não pertence ao produto.",
		"en-US": "The packaging must to belongs to product."
	},
	"MSG153E": {
		"pt-BR": "A cultura informada não foi encontrada.",
		"en-US": "The crop informed not found."
	},
	"MSG154E": {
		"pt-BR": "A cultura informada está inativa.",
		"en-US": "The crop informed is inactive."
	},
	"MSG155E": {
		"pt-BR": "A cultura informada não pertence a safra.",
		"en-US": "The crop must to belongs to harvest."
	},
	"MSG156E": {
		"pt-BR": "A ocorrência informada não foi encontrada.",
		"en-US": "The occurrence informed not found."
	},
	"MSG157E": {
		"pt-BR": "Já existe um item do pedido com o mesmo produto. O produto deve ser único.",
		"en-US": "Already have another order item with same product. Product must be unique."
	},
	"MSG158E": {
		"pt-BR": "Já existe um item do pedido com o mesmo produto. O produto deve ser único.",
		"en-US": "Already have another order item with same product. Product must be unique."
	},
	"MSG159E": {
		"pt-BR": "A quantidade está inválida para a embalagem.",
		"en-US": "The quantity is invalid for packaging.",
		"es-ES": "La cantidad no es válida para el envase."
	},
	"MSG160E": {
		"pt-BR": "O preço original deve ser o mesmo da tabela de preço.",
		"en-US": "The original price must be equal sales price of price list."
	},
	"MSG161E": {
		"pt-BR": "O valor do desconto deveria ser {0}.",
		"en-US": "Discount value must be {0}"
	},
	"MSG162E": {
		"pt-BR": "O percentual de desconto deveria ser {0}.",
		"en-US": "Discount percentage must be {0}."
	},
	"MSG163E": {
		"pt-BR": "A localização informada não existe.",
		"en-US": "The informed location does not exists."
	},
	"MSG164E": {
		"pt-BR": "FOB não deve ter valor.",
		"en-US": "FOB must not have a value."
	},
	"MSG165E": {
		"pt-BR": "A data de entrega deve ser maior ou igual à data de carregamento.",
		"en-US": "The delivery date must be greater than or equal the date of loading.",
		"es-ES": "La fecha de entrega debe ser mayor o igual a la fecha de carga."
	},
	"MSG166E": {
		"pt-BR": "A cultura informada não pertence à safra.",
		"en-US": "The culture informed not belongs to crop year.",
		"es-ES": "El cultivo informado no pertenece a la cosecha."
	},
	"MSG167E": {
		"pt-BR": "O tipo de frete informado não foi encontrado.",
		"en-US": "The type of freight informed was not found.",
		"es-ES": "El tipo de flete informado no fue encontrado."
	},
	"MSG168E": {
		"pt-BR": "O tipo de frete informado está inativo.",
		"en-US": "The incoterms informed is inactive.",
		"es-ES": "El tipo de flete informado está inactivo."
	},
	"MSG169E": {
		"pt-BR": "A condição de pagamento não pode ser diferente das que estão vinculadas à tabela de preço informada.",
		"en-US": "Payment term can not be different from those linked to the informed price list.",
		"es-ES": "La condición de pago no puede ser diferente de las que están vinculadas a la tabla de precio informada."
	},
	"MSG170E": {
		"pt-BR": "O preço de venda deve ser maior ou igual ao preço minimo ({0}).",
		"en-US": "The sales price must be greater than or equal the minimum price ({0}).",
		"es-ES": "El precio de venta debe ser mayor o igual al precio mínimo. ({0})."
	},
	"MSG771E": {
		"pt-BR": "Não é possível finalizar pedido com valor 0.",
		"en-US": "An order can not be finalized without a value."
	},
	"MSG171E": {
		"pt-BR": "Não é possível finalizar pedido já finalizado.",
		"en-US": "An order cannot be finalized twice."
	},
	"MSG172E": {
		"pt-BR": "Erro: O tipo de pedido \"${orderType}\" já está definido como padrão",
		"en-US": "Error: The order type \"${orderType}\" is already set as standard",
		"es-ES": "Error: El tipo de pedido \"${orderType}\" ya está definido como estándar"
	},
	"MSG173E": {
		"pt-BR": "Erro: A condição de pagamento \"${paymentTermDescription}\" já está definida como padrão",
		"en-US": "Error: The payment term \"${paymentTermDescription}\" is already set as standard",
		"es-ES": "Error: La condición de pago \"${paymentTermDescription}\" ya está definida como estándar"
	},
	"MSG174E": {
		"pt-BR": "Erro: O tipo de cobrança \"${paymentMethod}\" já está definido como padrão",
		"en-US": "Error: The payment method \"${paymentMethod}\" is already set as standard",
		"es-ES": "Error: El tipo de cobranza \"${paymentMethod}\" ya está definido como estándar"
	},
	"MSG175E": {
		"pt-BR": "Este produto não pode ser vendido fracionado.",
		"en-US": "This item cannot be sell fractionated.",
		"es-ES": "Este producto no puede ser vendido fraccionado."
	},
	"MSG176E": {
		"pt-BR": "Não é permitido desconto para o produto {0}, pois o preço está configurado como fixo.",
		"en-US": "Discount is not allowed for product {0}, as the price is set as fixed.",
		"es-ES": "No es permitido descuento para el producto {0}, pues el precio está definido como fijo."
	},
	"MSG177E": {
		"pt-BR": "A data da cotação informada não pertence à moeda.",
		"en-US": "The Exchange rate's date informed not belongs to currency.",
		"es-ES": "La cotización informada no pertenece a la moneda."
	},
	"MSG178E": {
		"pt-BR": "O valor de desconto excede o máximo permitido {0}.",
		"en-US": "The discount value exceeds the maximum allowed {0}.",
		"es-ES": "El valor del descuento excede el máximo permitido {0}."
	},
	"MSG179E": {
		"pt-BR": "O desconto informado excede o máximo permitido {0}%.",
		"en-US": "The discount informed exceeds the maximum allowed {0}%.",
		"es-ES": "El descuento informado excede el máximo permitido {0}%."
	},
	"MSG180E": {
		"pt-BR": "A data de vencimento não deve ser anterior ao dia atual.",
		"en-US": "Due date must not be lower than today.",
		"es-ES": "La fecha de vencimiento no debe ser anterior al día actual."
	},
	"MSG181E": {
		"pt-BR": "O plugin data de vencimento está desabilitado, habilite-o para salvar a data de vencimento.",
		"en-US": "The due date plugin is disabled, enable it to save the due date.",
		"es-ES": "El plugin fecha de vencimiento está deshabilitado, es necesario habilitarlo para guardar la fecha de vencimiento."
	},
	"MSG182E": {
		"pt-BR": "O plugin agrícola está desabilitado, habilite-o para salvar informações agrícolas.",
		"en-US": "The agricultural plugin is disabled, enable it to save agricultural data."
	},
	"MSG183E": {
		"pt-BR": "O plugin de moeda está desabilitado, habilite-o para salvar informações de moeda.",
		"en-US": "The currency plugin is disabled, enable it to save currency data."
	},
	"MSG184E": {
		"pt-BR": "É permitido gravar pedidos somente para o usuário logado.",
		"en-US": "It is allowed to save orders only to the logged in user."
	},
	"MSG185E": {
		"pt-BR": "A tabela de preço {0} não pode ser utilizada pois está fora de vigência.",
		"en-US": "Price list {0} can not be used because it is out of date.",
		"es-ES": "Tabla de precio {0} no puede ser utilizada pues está fuera de vigencia."
	},
	"MSG186E": {
		"pt-BR": "É permitido alterar o profissional apenas com o carrinho vazio.",
		"en-US": "It is allowed to change the professional only with the cart empty."
	},
	"MSG187E": {
		"pt-BR": "É permitido alterar o cliente apenas com o carrinho vazio.",
		"en-US": "It is allowed to change the customer only with the cart empty."
	},
	"MSG188E": {
		"pt-BR": "É permitido alterar o local apenas com o carrinho vazio.",
		"en-US": "It is allowed to change the location only with the cart empty."
	},
	"MSG189E": {
		"pt-BR": "É permitido alterar a empresa apenas com o carrinho vazio.",
		"en-US": "It is allowed to change the company only with the cart empty."
	},
	"MSG190E": {
		"pt-BR": "É permitido alterar a tabela de preço apenas com o carrinho vazio.",
		"en-US": "It is allowed to change the price list only with the cart empty."
	},
	"MSG191E": {
		"pt-BR": "Não é permitido alterar a moeda.",
		"en-US": "It is not allowed to change the currency.",
		"es-ES": "No es permitido cambiar la moneda."
	},
	"MSG192E": {
		"pt-BR": "Valor da parcela deve ser maior que zero.",
		"en-US": "Instalment value must be greater than zero.",
		"es-ES": "Valor de la cuota debe ser mayor que cero."
	},
	"MSG193E": {
		"pt-BR": "A somatória das parcelas deve ser igual ao valor total do pedido.",
		"en-US": "The sum of the instalments must be equal to the total value of the order.",
		"es-ES": "La suma de las cuotas debe ser igual al valor total del pedido."
	},
	"MSG194E": {
		"pt-BR": "O plugin parcelas está desabilitado. Habilite-o para salvar informações de parcelas.",
		"en-US": "The instalments plugin is disabled. Enable it to save instalments data.",
		"es-ES": "El plugin cuotas está deshabilitado. Habilítelo para guardar informaciones de cuotas."
	},
	"MSG195E": {
		"pt-BR": "O valor do campo deve ser COMPRADOR ou VENDEDOR.",
		"en-US": "The value of the field must be BUYER or SELLER.",
		"es-ES": "El valor del campo debe ser COMPRADOR o VENDEDOR."
	},
	"MSG196E": {
		"pt-BR": "O plugin de pedido de sementes deve estar ativo para que os campos relacionados sejam informados.",
		"en-US": "The seed request plugin must be active for related fields to be informed.",
		"es-ES": "El plugin de pedido de semillas debe estar activo para que los campos relacionados sean informados."
	},
	"MSG197E": {
		"pt-BR": "É permitido informar tratamento somente se o campo Semente tratada estiver ativado.",
		"en-US": "It is allowed to enter treatment only if the Treated seed field is enabled.",
		"es-ES": "Es permitido informar tratamiento solamente si el campo Semilla tratada está activado."
	},
	"MSG198E": {
		"pt-BR": "É permitido informar valor de tratamento somente se o campo Semente tratada estiver ativado.",
		"en-US": "It is allowed to enter treatment value only if the Treated seed field is enabled.",
		"es-ES": "Es permitido informar valor de tratamiento solamente si el campo Semilla tratada está activado."
	},
	"MSG199E": {
		"pt-BR": "Campo 'Valor tecnologia' não pode ter valor, pois o tipo selecionado foi 'ROYALTY'.",
		"en-US": "Technology value field can not have value because the selected type was 'ROYALTY'.",
		"es-ES": "Campo 'Valor del royalty' no puede tener valor, ya que el tipo seleccionado fue 'TECNOLOGÍA'."
	},
	"MSG210E": {
		"pt-BR": "Campo 'Valor royalty' não pode ter valor, pois o tipo selecionado foi 'TECNOLOGIA'.",
		"en-US": "Royalty value field can not have value because the selected type was 'TECHNOLOGY'.",
		"es-ES": "Campo 'Valor del royalty' no puede tener valor, ya que el tipo seleccionado fue 'TECNOLOGÍA'."
	},
	"MSG211E": {
		"pt-BR": "O valor informado para o campo deve ser apenas ‘ROYALTY’ ou ‘TECHNOLOGY’.",
		"en-US": "The value entered for the field must be only 'ROYALTY' or 'TECHNOLOGY'.",
		"es-ES": "El valor informado para el campo debe ser apenas 'ROYALTY' o 'TECHNOLOGY'."
	},
	"MSG212E": {
		"pt-BR": "Embalagem não deve ser informada para pedido de sementes.",
		"en-US": "Packaging not to be reported for seed order.",
		"es-ES": "Embalaje no debe ser informada para el pedido de semillas."
	},
	"MSG213E": {
		"pt-BR": "Preço unitário geral deveria ser ${value}.",
		"en-US": "Overall unit price must be ${value}.",
		"es-ES": "Precio unitario general debe ser ${value}."
	},
	"MSG214E": {
		"pt-BR": "O valor total do tratamento deveria ser ${value}.",
		"en-US": "The total value of the treatment must be ${value}.",
		"es-ES": "El valor total del tratamiento debe ser ${value}."
	},
	"MSG215E": {
		"pt-BR": "O plugin de ROYALTY/TECHNOLOGY deve estar ativo para que os campos relacionados sejam informados.",
		"en-US": "The  ROYALTY/TECHNOLOGY plugin must be active for related fields to be informed.",
		"es-ES": "El plugin de  ROYALTY/TECHNOLOGY debe estar activo para que los campos relacionados sean informados."
	},
	"MSG216E": {
		"pt-BR": "O valor do acréscimo deveria ser {0}.",
		"en-US": "Increase value must be {0}.",
		"es-ES": "El valor de incremento debería ser {0}."
	},
	"MSG217E": {
		"pt-BR": "O percentual de acréscimo deveria ser {0}.",
		"en-US": "Increase percentage must be {0}.",
		"es-ES": "El porcentaje de incremento debería ser {0}."
	},
	"MSG218E": {
		"pt-BR": "Já existe uma entrega cadastrada para este pedido.",
		"en-US": "There is already a registered delivery for this order.",
		"es-ES": "Ya existe una entrega registrada para este pedido."
	},
	"MSG219E": {
		"pt-BR": "Está permissão já foi salva.",
		"en-US": "This permission has already been saved.",
		"es-ES": "Ese permiso ya ha sido guardado anteriormente."
	},
	"MSG220E": {
		"pt-BR": "Registro não encontrado.",
		"en-US": "Register not found.",
		"es-ES": "Registro no encontrado."
	},
	"MSG221E": {
		"pt-BR": "Registro inativo.",
		"en-US": "Inactive register.",
		"es-ES": "Registro inactivo."
	},
	"MSG222E": {
		"pt-BR": "A embalagem informada não foi encontrada.",
		"en-US": "The packaging informed not found."
	},
	"MSG223E": {
		"pt-BR": "A ocorrência informada não pertence a cultura.",
		"en-US": "The occurrence does not belong to culture."
	},
	"MSG224E": {
		"pt-BR": "O valor informado é maior que o permitido.",
		"en-US": "The informed value is greater than allowed.",
		"es-ES": "El valor informado es mayor que el permitido."
	},
	"MSG225E": {
		"pt-BR": "No pedido de sementes, informações de entrega devem ser inseridas no item do pedido.",
		"en-US": "In the seed order, delivery information must be entered in the order item.",
		"es-ES": "En el pedido de semillas, la información de entrega se debe insertar en el producto del pedido."
	},
	"MSG226E": {
		"pt-BR": "O valor do desconto deveria ser 0.",
		"en-US": "Discount value must be 0."
	},
	"MSG227E": {
		"pt-BR": "Valor informado gera valores negativos nas demais parcelas. Informe outro valor.",
		"en-US": "Entered value generates negative values ​​in other instalments. Enter other value.",
		"es-ES": "Valor informado genera valores negativos en las demás cuotas. Informe otro valor."
	},
	"MSG228E": {
		"pt-BR": "Erro interno do servidor",
		"en-US": "Internal server error"
	},
	"MSG231E": {
		"pt-BR": "A tabela de preço {0} não pode ser utilizada pois não está inserida nos critérios de permissão.",
		"en-US": "Price list {0} can not be used because it is not included in the permission criteria.",
		"es-ES": "Tabla de precio {0} no puede ser utilizada pues no está incluida en los criterios de permiso."
	},
	"MSG232E": {
		"pt-BR": "A tabela de preço {0} não pode ser utilizada pois está fora de vigência.",
		"en-US": "Price list {0} can not be used because it is out of date.",
		"es-ES": "Tabla de precio {0} no puede ser utilizada pues está fuera de vigencia."
	},
	"MSG233E": {
		"pt-BR": "O preço de venda deve ser maior ou igual ao preço minimo.",
		"en-US": "The sales price must be greater than or equal the minimum price.",
		"es-ES": "El precio de venta debe ser mayor o igual al precio mínimo."
	},
	"MSG234E": {
		"pt-BR": "A safra informada está inativa.",
		"en-US": "The crop year informed is inactive."
	},
	"MSG235E": {
		"pt-BR": "O Local de retirada informado não foi encontrado.",
		"en-US": "The withdrawal location informed was not found.",
		"es-ES": "El local de retirada informado no fue encontrado."
	},
	"MSG236E": {
		"pt-BR": "O Local de retirada informado está inativo.",
		"en-US": "The withdrawal location informed is inactive.",
		"es-ES": "El local de retirada informado está inactivo."
	},
	"MSG237E": {
		"pt-BR": "O armazém informado não foi encontrado.",
		"en-US": "The warehouse informed was not found.",
		"es-ES": "El almacén informado no fue encontrado."
	},
	"MSG238E": {
		"pt-BR": "O usuário informado está inativo.",
		"en-US": "The user informed is inactive."
	},
	"MSG239E": {
		"pt-BR": "O profissional informado está inativo.",
		"en-US": "The professional informed is inactive.",
		"es-ES": "El profesional informado está inactivo."
	},
	"MSG240E": {
		"pt-BR": "O usuário informado não foi encontrado.",
		"en-US": "User not found.",
		"es-ES": "Este usuario no existe o está indisponible."
	},
	"MSG241E": {
		"pt-BR": "O profissional informado não foi encontrado.",
		"en-US": "Sales rep not found.",
		"es-ES": "El profesional informado no fue encontrado."
	},
	"MSG242E": {
		"pt-BR": "O local informado está inativo.",
		"en-US": "The location informed is inactive."
	},
	"MSG243E": {
		"pt-BR": "O cliente informado está inativo.",
		"en-US": "The customer informed is inactive."
	},
	"MSG244E": {
		"pt-BR": "O cliente informado não foi encontrado.",
		"en-US": "Customer not found."
	},
	"MSG245E": {
		"pt-BR": "O local informado não foi encontrado.",
		"en-US": "Location not found."
	},
	"MSG246E": {
		"pt-BR": "A empresa informada está inativa.",
		"en-US": "The company informed is inactive."
	},
	"MSG247E": {
		"pt-BR": "A empresa informada não foi encontrada.",
		"en-US": "Company not found."
	},
	"MSG248E": {
		"pt-BR": "O tipo de pedido informado está inativo.",
		"en-US": "Order type not found."
	},
	"MSG249E": {
		"pt-BR": "O tipo de pedido informado não foi encontrado.",
		"en-US": "The order type informed not found."
	},
	"MSG250E": {
		"pt-BR": "A condição de pagamento informada está inativa.",
		"en-US": "The payment term informed is inactive."
	},
	"MSG251E": {
		"pt-BR": "A condição de pagamento informada não foi encontrada.",
		"en-US": "Payment term not found."
	},
	"MSG252E": {
		"pt-BR": "O local informado não pertence ao cliente.",
		"en-US": "The informed location does not belong to the customer."
	},
	"MSG253E": {
		"pt-BR": "O tipo de cobrança informado está inativo.",
		"en-US": "The payment method informed is inactive."
	},
	"MSG254E": {
		"pt-BR": "O tipo de cobrança informado não foi encontrado.",
		"en-US": "Payment method not found."
	},
	"MSG255E": {
		"pt-BR": "A moeda não pertence à tabela de preço.",
		"en-US": "Currency does not belong to price list.",
		"es-ES": "La moneda no pertenece a la tabla de precios."
	},
	"MSG256E": {
		"pt-BR": "Valor numérico fora do intervalo",
		"en-US": "Numeric Value Out Of Range",
		"es-ES": "Valor numérico fuera de rango"
	},
	"MSG258E": {
		"pt-BR": "A moeda informada está inativa.",
		"en-US": "The currency informed is inactive.",
		"es-ES": "La moneda informada está inactiva."
	},
	"MSG259E": {
		"pt-BR": "A cotação da moeda informada não foi encontrada.",
		"en-US": "Exchange rate not found."
	},
	"MSG260E": {
		"pt-BR": "The maximum character limit for this field is ${max}.",
		"en-US": "O limite máximo de caracteres para este campo é ${max}.",
		"es-ES": "El límite máximo de caracteres para este campo es ${max}."
	}
}