{
	"id": "3dfa6284-f426-4587-a538-b572c174e1d3",
	"name": "SALES - Critical path",
	"values": [
		{
			"key": "url",
			"value": "http://localhost:8083",
			"enabled": true
		},
		{
			"key": "url_external",
			"value": "http://localhost:3000",
			"enabled": true
		},
		{
			"key": "username",
			"value": "vendedor@teste.com",
			"enabled": true
		},
		{
			"key": "password",
			"value": "123",
			"enabled": true
		},
		{
			"key": "tenant",
			"value": "frimesa",
			"enabled": true
		},
		{
			"key": "language",
			"value": "pt-BR",
			"enabled": true
		},
		{
			"key": "userVersion",
			"value": "v10",
			"enabled": true
		},
		{
			"key": "customerVersion",
			"value": "v8",
			"enabled": true
		},
		{
			"key": "productVersion",
			"value": "v6",
			"enabled": true
		},
		{
			"key": "commonVersion",
			"value": "v7",
			"enabled": true
		},
		{
			"key": "adminVersion",
			"value": "v9",
			"enabled": true
		},
		{
			"key": "salesVersion",
			"value": "",
			"enabled": true
		},
		{
			"key": "branch",
			"value": "development",
			"enabled": true
		}
	],
	"_postman_variable_scope": "environment",
	"_postman_exported_at": "2018-10-10T11:59:38.283Z",
	"_postman_exported_using": "Postman/6.4.2"
}