{
	"info": {
		"_postman_id": "d604b312-e7bc-4a89-9f2c-534184755a9e",
		"name": "Sales_Pipeline_Critical_Path",
		"schema": "https://schema.getpostman.com/json/collection/v2.1.0/collection.json"
	},
	"item": [
		{
			"name": "Critical Path",
			"event": [
				{
					"listen": "test",
					"script": {
						"id": "5b1bbf2e-6914-4dcf-a845-37417ffd49da",
						"exec": [
							"pm.test('Custom Entries', function () {",
							"    pm.response.to.have.status(200);",
							"    pm.expect(pm.response.json().status).to.equal('success');",
							"});"
						],
						"type": "text/javascript"
					}
				},
				{
					"listen": "prerequest",
					"script": {
						"id": "976d12e6-24d9-48b0-99ae-f0fa9d87e385",
						"exec": [
							"// postman.setGlobalVariable('webhookUrl', 'https://outlook.office.com/webhook/7fad9669-1740-499e-bfab-cc3f45a4acc8@f0fb2e50-2a6b-40f4-b5eb-86b33d754b7d/IncomingWebhook/8ebf3217b1e94cd0911512166a62dccf/2b93c015-4b9e-451c-98a6-69961d3e756a');",
							""
						],
						"type": "text/javascript"
					}
				}
			],
			"request": {
				"method": "POST",
				"header": [
					{
						"key": "Content-Type",
						"value": "application/json"
					},
					{
						"key": "Private-Token",
						"value": "WVxyvxZGg6ErpBay4wSj",
						"type": "text"
					}
				],
				"body": {
					"mode": "raw",
					"raw": "{\n\t\"gitCollectionPath\": \"http://gitlab.wssim.com.br/api/v4/projects/16/repository/files/src%2Fpostman%2Fresources%2Fcritical_path%2Fsales_critical_path.postman_collection.json/raw?ref={{branch}}\",\n\t\"gitEnvironmentPath\": \"http://gitlab-internal.wssim.com.br/api/v4/projects/16/repository/files/src%2Fpostman%2Fresources%2Fcritical_path%2FSALES-critical-path.postman_environment.json/raw?ref={{branch}}\",\n    \"redmineProjectName\": \"Backlog\",\n    \"gitProjectName\": \"{{gitProjectName}}\",\n    \"metric\": \"critical_path\",\n    \"branch\": \"{{branch}}\"\n}"
				},
				"url": {
					"raw": "localhost:3001/newman/run",
					"host": [
						"localhost"
					],
					"port": "3001",
					"path": [
						"newman",
						"run"
					]
				}
			},
			"response": []
		}
	]
}