<?xml version="1.0" encoding="UTF-8"?>
<Configuration status="info" packages="com.ws.commons">
    <Appenders>
        <Console name="console-default" target="SYSTEM_OUT">
            <PatternLayout>
                <pattern>[%level] [%d{ISO8601}] [${sys:service.name}] [${sys:service.hostname}] [%X{tenantId}] [%X{tenantName}] [%X{userId}] [%X{userLogin}] [%X{requestId}] [%X{requestCaller}] [%X{requestMethod}] [%X{requestUri}] [%X{requestQuery}] [%X{originHost}] [%X{originFor}] [%X{originProto}] [%X{originPort}] [%X{originPrefix}] [%X{resourceClass}] [%X{resourceMethod}] [%marker] %logger{36}: %msg%n</pattern>
            </PatternLayout>
        </Console>
    </Appenders>

    <Loggers>
        <Root level="info">
            <AppenderRef ref="console-default"/>
        </Root>
        <!-- logs ebean's SQL statements to the console -->
        <Logger name="org.quartz.impl.jdbcjobstore.JobStoreTX" level="WARN" />
    </Loggers>
</Configuration>
