<?xml version="1.0" encoding="UTF-8"?>
<configuration>


	<!-- http://logback.qos.ch/manual/configuration.html -->
	<!-- http://www.mkyong.com/logging/logback-xml-example -->


	<!-- http://logback.qos.ch/manual/configuration.html#LevelChangePropagator -->
	<contextListener class="ch.qos.logback.classic.jul.LevelChangePropagator">
		<resetJUL>true</resetJUL>
	</contextListener>


	<property name="DEV_HOME" value="logs" />

	<appender name="STDOUT" class="ch.qos.logback.core.ConsoleAppender">
		<layout class="ch.qos.logback.classic.PatternLayout">
			<Pattern>
				%d{yyyy-MM-dd HH:mm:ss} [%thread] %-5level %logger{36} - %msg%n
			</Pattern>
		</layout>
	</appender>

	<!--<appender name="FILE-AUDIT"-->
	<!--class="ch.qos.logback.core.rolling.RollingFileAppender">-->
	<!--<file>${DEV_HOME}/debug.log</file>-->
	<!--<encoder class="ch.qos.logback.classic.encoder.PatternLayoutEncoder">-->
	<!--<Pattern>-->
	<!--%d{yyyy-MM-dd HH:mm:ss} [%thread] %-5level %logger{36} - %msg%n-->
	<!--</Pattern>-->
	<!--</encoder>-->

	<!--<rollingPolicy class="ch.qos.logback.core.rolling.TimeBasedRollingPolicy">-->
	<!--&lt;!&ndash; rollover daily &ndash;&gt;-->
	<!--<fileNamePattern>${DEV_HOME}/archived/debug.%d{yyyy-MM-dd}.%i.log-->
	<!--</fileNamePattern>-->
	<!--<timeBasedFileNamingAndTriggeringPolicy-->
	<!--class="ch.qos.logback.core.rolling.SizeAndTimeBasedFNATP">-->
	<!--<maxFileSize>10MB</maxFileSize>-->
	<!--</timeBasedFileNamingAndTriggeringPolicy>-->
	<!--</rollingPolicy>-->

	<!--</appender>-->

	<!--<appender name="FILE-ERROR"-->
	<!--class="ch.qos.logback.core.rolling.RollingFileAppender">-->
	<!--<file>${DEV_HOME}/error.log</file>-->
	<!--<encoder class="ch.qos.logback.classic.encoder.PatternLayoutEncoder">-->
	<!--<Pattern>-->
	<!--%d{yyyy-MM-dd HH:mm:ss} [%thread] %-5level %logger{36} - %msg%n-->
	<!--</Pattern>-->
	<!--</encoder>-->

	<!--<rollingPolicy class="ch.qos.logback.core.rolling.TimeBasedRollingPolicy">-->
	<!--&lt;!&ndash; rollover daily &ndash;&gt;-->
	<!--<fileNamePattern>${DEV_HOME}/archived/error.%d{yyyy-MM-dd}.%i.log-->
	<!--</fileNamePattern>-->
	<!--<timeBasedFileNamingAndTriggeringPolicy-->
	<!--class="ch.qos.logback.core.rolling.SizeAndTimeBasedFNATP">-->
	<!--<maxFileSize>10MB</maxFileSize>-->
	<!--</timeBasedFileNamingAndTriggeringPolicy>-->
	<!--</rollingPolicy>-->

	<!--</appender>-->

	<!-- Send logs to both console and file audit -->
	<logger name="com.sollar" level="DEBUG">
		<!--<appender-ref ref="FILE-AUDIT" />-->
		<appender-ref ref="STDOUT" />
	</logger>

	<!-- Jersey logs exceptions with level FINE, wich corresponds to DEBUG -->
	<logger name="org.glassfish.jersey" level="DEBUG">
		<appender-ref ref="STDOUT" />
	</logger>

	<logger name="io.ebean" level="TRACE"/>

	<root level="ERROR">
		<!--<appender-ref ref="FILE-ERROR" />-->
		<appender-ref ref="STDOUT" />
	</root>
	<root level="INFO">
		<appender-ref ref="STDOUT" />
		<!--<appender-ref ref="FILE-AUDIT" />-->
	</root>

</configuration>
