{
  "invalid.page.params": {
    "message": "Parâmetro page deve ser um integer."
  },
  "invalid.sort.params": {
    "message": "Parâmetro sort deve conter dois valores, sendo o primeiro o campo e o segundo a direção (asc ou desc). Exemplo: sort=description,desc."
  },
  "patch.invalid.header": {
    "message": "O método PATCH aceita apenas os headers 'application/json-patch+json' ou 'application/merge-patch+json'."
  },
  "patch.invalid.content": {
    "message": "Formato de conteúdo inválido, o formato deve seguir a RFC 6902 para 'application/merge-patch+json' e RFC 7386 para 'application/json-patch+json'."
  },
  "javax.validation.constraints.AssertFalse.message": {
    "message": "Deve ser falso."
  },
  "javax.validation.constraints.AssertTrue.message": {
    "message": "Deve ser verdadeiro."
  },
  "javax.validation.constraints.DecimalMax.message": {
    "message": "Deve ser menor ou igual a ${value}."
  },
  "javax.validation.constraints.DecimalMin.message": {
    "message": "Deve ser maior ou igual a ${value}."
  },
  "javax.validation.constraints.Digits.message": {
    "message": "Valor num\u00E9rico fora do limite (<${integer} d\u00EDgitos>.<${fraction} d\u00EDgitos> esperado)."
  },
  "javax.validation.constraints.Email.message": {
    "message": "N\u00E3o \u00E9 um endere\u00E7o de e-mail."
  },
  "javax.validation.constraints.Future.message": {
    "message": "Deve estar no futuro."
  },
  "javax.validation.constraints.Max.message": {
    "message": "Deve ser menor ou igual a ${max}."
  },
  "javax.validation.constraints.Min.message": {
    "message": "Deve ser maior ou igual a ${value}."
  },
  "javax.validation.constraints.Negative.message": {
    "message": "Deve ser menor ou igual a 0."
  },
  "javax.validation.constraints.NotBlank.message": {
    "message": "N\u00E3o pode estar em branco."
  },
  "javax.validation.constraints.NotEmpty.message": {
    "message": "N\u00E3o pode estar vazio."
  },
  "javax.validation.constraints.NotNull.message": {
    "message": "Este campo é obrigatório."
  },
  "javax.validation.constraints.Null.message": {
    "message": "Deve ser nulo."
  },
  "javax.validation.constraints.Past.message": {
    "message": "Deve estar no passado."
  },
  "javax.validation.constraints.Pattern.message": {
    "message": "Deve corresponder \u00E0 \"{2}\"."
  },
  "javax.validation.constraints.Positive.message": {
    "message": "Deve ser maior ou igual a 0."
  },
  "javax.validation.constraints.Size.message": {
    "message": "O limite máximo de caracteres para este campo é ${max}."
  },
  "commons.restqueryurl.parser.invalidParameters.message": {
    "message": "Parametros inválidos, ver log de erros do servidor."
  },
  "commons.restqueryurl.parser.invalidSingleParameter.message": {
    "message": "Parametro inválido '{1}'."
  },
  "commons.restqueryurl.valueNotAssignable.message": {
    "message": "Valor não compatível com nenhum campo."
  },
  "commons.projection.mapping.invalidPaths": {
    "message": "Projeção inválida. Os seguintes campos não existem: '{0}'."
  },
  "order.without.items": {
    "message": "O pedido deve ter no mínimo um produto ou serviço"
  },
  "deliveryGreaterThanShipmentDate": {
    "message": "A data de entrega deve ser igual ou após a data de preparação."
  },
  "deliveryLessThanCurrentDate": {
    "message": "A data de carregamento deve ser igual ou após a data atual."
  },
  "order.already.confirmed": {
    "message": "Um pedido confirmado não pode ser editado."
  },
  "order.confirmed.cannot.remove": {
    "message": "Um pedido confirmado não pode ser removido."
  },
  "order.number.cannotBeEdited": {
    "message": "O número do pedido não pode ser editado."
  },
  "situation.invalid": {
    "message": "Esta situação é ínvalida."
  },
  "order.invalid": {
    "message": "Este pedido é ínvalido."
  },
  "order.itemInactiveInPriceList": {
    "message": "O produto na lista de preços está inativo."
  },
  "order.validation.anotherServiceExecutionForInsert": {
    "message": "Não é possível realizar o pedido. Existe um atendimento em execução para outro cliente."
  },
  "order.validation.anotherServiceExecutionForUpdate": {
    "message": "Não é possível editar o pedido. Existe um atendimento em execução para outro cliente."
  },
  "order.validation.serviceInExecutionForAnotherLocationForInsert": {
    "message": "Não é possível realizar o pedido. Existe um atendimento em execução com outro local para o cliente."
  },
  "order.validation.serviceInExecutionForAnotherLocationForUpdate": {
    "message": "Não é possível editar o pedido. Existe um atendimento em execução com outro local para o cliente."
  },
  "invoice.billingDateGreaterThanCurrentDate": {
    "message": "A data de faturamento deve ser menor ou igual a data atual."
  },
  "invoice.totalOfInvoiceMustBeGreaterTharZero": {
    "message": "O valor total da nota deve ser maior que zero."
  },
  "invoice.totalValueOfInvoiceItemMustBeGreaterThanZero": {
    "message": "O valor total do item da nota fiscal deve ser maior que zero."
  },
  "invoice.unitValueOfInvoiceItemMustBeGreaterThanZero": {
    "message": "O valor unitário do item da nota fiscal deve ser maior que zero."
  },
  "invoice.quantityOfInvoiceItemMustBeGreaterThanZero": {
    "message": "A quantidade do item da nota fiscal deve ser maior que zero."
  },
  "invoice.totalValueItsDifferentOfSumOfItemsValues": {
    "message": "O valor total da nota fiscal deve ser igual a soma dos valores dos itens."
  },
  "invoice.invoiceItemWasNotInformed": {
    "message": "Os itens não foram informados para a nota fiscal."
  },
  "invoice.totalValueMustBeEqualUnitValueMultipliedByQuantity": {
    "message": "O valor total do item deve ser igual ao valor unitário multiplicado pela quantidade."
  },
  "invoice.invoiceTypeItemMustBeInformedForInvoiceItem": {
    "message": "O tipo do item da nota fiscal deve ser informado para o item."
  },
  "invoice.salesOrderNotFound": {
    "message": "O pedido informado para o item não existe."
  },
  "invoice.invoiceTypeItemNotFound": {
    "message": "O tipo do item da nota fiscal informado para o item não existe."
  },
  "invoice.measureUnitNotFound": {
    "message": "A unidade de medida informada para o item não existe."
  },
  "invoice.productNotFound": {
    "message": "O produto informado para o item não existe."
  },
  "invoice.invoiceSituationMustBeInformedForInvoice": {
    "message": "A situação da nota fiscal deve ser informada para a nota."
  },
  "invoice.invoiceSituationNotFound": {
    "message": "A situação da nota fiscal informada para a mesma não existe."
  },
  "invoice.invoiceTypeMustBeInformedForInvoice": {
    "message": "O tipo de nota fiscal deve ser informado para a nota."
  },
  "invoice.invoiceTypeNotFound": {
    "message": "O tipo de nota fiscal informado para a mesma não existe."
  },
  "invoice.paymentTermNotFound": {
    "message": "O termo de pagamento informado para a nota fiscal não existe."
  },
  "invoice.customerNotFound": {
    "message": "O cliente informado para a nota fiscal não existe."
  },
  "invoice.locationNotFound": {
    "message": "A localização informada para a nota fiscal não existe."
  },
  "invoice.locationIsNotTheSameForTheCustomer": {
    "message": "A localização do cliente deve ser a mesma da localização da nota fiscal."
  },
  "invoice.userNotFound": {
    "message": "O usuário informado para a nota fiscal não existe."
  },
  "invoice.currencyNotFound": {
    "message": "A moeda informada para a nota fiscal não existe."
  },
  "invoice.invoiceSituationIdMustBeInformed": {
    "message": "O id da situação da nota fiscal deve ser informado para atualizar a nota fiscal."
  },
  "invoice.invoiceNotFoundFoUpdate": {
    "message": "A nota fiscal não existe."
  },
  "invoice.invoiceSituationNotFoundForUpdate": {
    "message": "A situação da invoice informada para atualização não existe."
  },
  "deal.confirmed.cannot.remove": {
    "message": "Uma negociação confirmada não pode ser removida."
  },
  "quantity.validation.min.value.greater.than.zero": {
    "message": "A quantidade deve ser maior que 0"
  },
  "totalQuantity.mustBeGreaterThanZero": {
    "message": "A quantidade total deve ser maior que 0"
  },
  "repetition.mustBeGreaterThanZero": {
    "message": "A repetição deve ser maior que 0"
  },
  "order.item.order.notFound": {
    "message": "O pedido não foi encontrado"
  },
  "order.item.product.notFound": {
    "message": "O produto informado não foi encontrado."
  },
  "order.item.product.inactive": {
    "message": "O produto está inativo"
  },
  "order.service.inactive": {
    "message": "O serviço está inativo"
  },
  "order.service.alreadyExist": {
    "message": "O serviço já existe no pedido"
  },
  "order.item.priceList.notFound": {
    "message": "A tabela de preço informada não foi encontrada."
  },
  "order.item.priceList.inactive": {
    "message": "A tabela de preço está inativa"
  },
  "order.item.priceListItem.notFound": {
    "message": "O item da tabela de preço informado não foi encontrado."
  },
  "order.item.packaging.notFound": {
    "message": "A embalagem informada não foi encontrada."
  },
  "order.item.priceListItem.mustBelongsToPriceList": {
    "message": "O item da tabela de preço não pertence a tabela de preço."
  },
  "order.item.product.mustBelongsToPriceListItem": {
    "message": "O produto não pertence à tabela de preço"
  },
  "order.item.service.mustBelongsToPriceListItem": {
    "message": "O serviço não pertence à tabela de preço"
  },
  "order.item.productPackaging.notFound": {
    "message": "A embalagem informada não foi encontrada."
  },
  "order.item.productPackaging.mustBelongsToProduct": {
    "message": "A embalagem informada não pertence ao produto."
  },
  "order.item.occurrence.notFound": {
    "message": "A ocorrência informada não foi encontrada."
  },
  "order.item.occurrence.inactive": {
    "message": "A ocorrência informada está inativa."
  },
  "order.item.product.productMustBeUnique": {
    "message": "O produto já existe no pedido"
  },
  "order.item.quantity.inconsistentPack": {
    "message": "A quantidade está inválida para a embalagem."
  },
  "order.item.originalPrice.isNotSamePriceListItem": {
    "message": "O preço original deve ser o mesmo da tabela de preço."
  },
  "order.item.discountValue.inconsistent": {
    "message": "O valor do desconto deveria ser {0}."
  },
  "order.item.discountPercentage.inconsistent": {
    "message": "O percentual de desconto deveria ser {0}."
  },
  "delivery.location.dontBelong": {
    "message": "O local de entrega deve pertencer ao cliente informado no cabeçalho do pedido."
  },
  "delivery.location.dontExists": {
    "message": "A localização informada não existe."
  },
  "delivery.freightValue.incorrect.CIF": {
    "message": "Deve ser maior que zero."
  },
  "delivery.freightValue.incorrect.FOB": {
    "message": "FOB não deve ter valor."
  },
  "delivery.date.incorrect": {
    "message": "A data de entrega deve ser maior ou igual à data de carregamento."
  },
  "delivery.incoterms.dontExists": {
    "message": "O tipo de frete informado não foi encontrado."
  },
  "delivery.incoterms.notActive": {
    "message": "O tipo de frete informado está inativo."
  },
  "delivery.order.dontExists": {
    "message": "O pedido informado não existe."
  },
  "delivery.change.incoterms.not.allowed": {
    "message": "Tipo de frete não pode ser alterado pois existem itens inseridos no pedido."
  },
  "validation.value.greater.than.allowed": {
    "message": "O valor informado é maior que o permitido."
  },
  "validation.min.value.greater.than.or.equal.to.zero": {
    "message": "O valor informado deve ser maior ou igual a zero."
  },
  "order.company.notFound": {
    "message": "A empresa não foi encontrada"
  },
  "order.paymentTerm.notFound": {
    "message": "A condição de pagamento não foi encontrada"
  },
  "order.paymentTerm.notFound.priceList": {
    "message": "A condição de pagamento não pode ser diferente das que estão vinculadas à tabela de preço informada."
  },
  "order.paymentTerm.notMatchCriteria": {
    "message": "A condição de pagamento ${paymentTermDescription} não pode ser utilizada pois não está inserida nos critérios de permissão."
  },
  "order.customer.notFound": {
    "message": "O cliente não foi encontrado"
  },
  "order.paymentMethod.notFound": {
    "message": "O tipo de cobrança não foi encontrado"
  },
  "order.priceList.notFound": {
    "message": "A tabela de preço não foi encontrada"
  },
  "order.location.notFound": {
    "message": "O local não foi encontrado"
  },
  "order.orderType.notFound": {
    "message": "O tipo de pedido não foi encontrado"
  },
  "order.orderCurrency.notFound": {
    "message": "A moeda não foi encontrada"
  },
  "order.currencyQuotation.notFound": {
    "message": "A data da cotação não foi encontrada no cadastro da moeda"
  },
  "order.company.inactive": {
    "message": "A empresa está inativa"
  },
  "order.paymentTerm.inactive": {
    "message": "A condição de pagamento está inativa"
  },
  "order.customer.inactive": {
    "message": "O cliente está inativo"
  },
  "order.paymentMethod.inactive": {
    "message": "O tipo de cobrança está inativo"
  },
  "order.priceList.inactive": {
    "message": "A tabela de preço está inativa"
  },
  "order.user.inactive": {
    "message": "O usuário está inativo"
  },
  "order.location.inactive": {
    "message": "O local está inativo"
  },
  "order.orderType.inactive": {
    "message": "O tipo de pedido está inativo"
  },
  "order.orderCurrency.inactive": {
    "message": "A moeda informada está inativa."
  },
  "order.location.notbelongs": {
    "message": "O local não pertence ao cliente"
  },
  "order.item.minimumPrice": {
    "message": "O preço de venda deve ser maior ou igual ao preço mínimo ({0})."
  },
  "order.without.value": {
    "message": "Não é possível finalizar pois o valor do pedido é 0"
  },
  "order.already.finalized": {
    "message": "Este pedido já está finalizado"
  },
  "sales.orderType.standard.unique.validation": {
    "message": "O tipo de pedido \"${orderType}\" já está definido como padrão"
  },
  "order.user.notFound": {
    "message": "O usuário informado não foi encontrado."
  },
  "sales.paymentTerm.standard.unique.validation": {
    "message": "A condição de pagamento \"${paymentTermDescription}\" já está definida como padrão"
  },
  "sales.paymentMethod.standard.unique.validation": {
    "message": "O tipo de cobrança \"${paymentMethod}\" já está definido como padrão"
  },
  "order.item.saleFractionated": {
    "message": "Este produto não pode ser vendido fracionado."
  },
  "order.order.notFound": {
    "message": "O pedido informado não foi encontrado."
  },
  "order.finalized": {
    "message": "O pedido está finalizado e não pode ser alterado"
  },
  "order.orderCurrency.quotationDateNotBelongsToCurrency": {
    "message": "A data da cotação informada não pertence à moeda."
  },
  "order.orderCurrency.doesNotBelongToPriceList": {
    "message": "A moeda não pertence à tabela de preço."
  },
  "order.item.discountAndFixedPrice": {
    "message": "Não é permitido desconto para o produto {0}, pois o preço está configurado como fixo."
  },
  "order.item.discountPercentageInvalid": {
    "message": "O desconto informado excede o máximo permitido {0}%."
  },
  "order.item.discountValueInvalid": {
    "message": "O valor de desconto excede o máximo permitido {0}."
  },
  "order.validation.dueDateLowerThanNow": {
    "message": "A data de vencimento não deve ser anterior ao dia atual."
  },
  "order.validation.dueDateBlocked": {
    "message": "A data de vencimento está diferente da data definida pela condição de pagamento. A data de vencimento deve ser igual a (data atual + prazo médio)."
  },
  "order.validation.dueDateInactive": {
    "message": "O plugin data de vencimento está desabilitado, habilite-o para salvar a data de vencimento."
  },
  "order.item.currencyPluginDisabled": {
    "message": "O parâmetro de moeda está desabilitado, habilite-o para salvar informações de moeda"
  },
  "order.item.attendanceRequiredDisabled": {
    "message": "Para iniciar um pedido é necessário iniciar atendimento."
  },
  "order.user.userIsNotLogged": {
    "message": "O usuário do pedido não está logado"
  },
  "order.validation.professional.notFound": {
    "message": "O profissional informado não foi encontrado."
  },
  "order.validation.professional.inactive": {
    "message": "O profissional informado está inativo."
  },
  "order.validation.professional.notBelongsToUser": {
    "message": "O profissional informado não pertence ao usuário."
  },
  "order.validation.updateProfessionalWithItems": {
    "message": "O profissional não pode ser alterado."
  },
  "order.signatureMissing": {
    "message": "Necessário assinatura para finalizar o pedido."
  },
  "exception.invalid.format": {
    "message": "Uma ou mais propriedades estão com formatos inválidos."
  },
  "paymentTerm.company.hierarchy": {
    "message": "Uma das empresas não está vinculada ao funcionário, ou a sua hierarquia."
  },
  "paymentTerm.user.hierarchy": {
    "message": "Um dos usuários não está na sua hierarquia."
  },
  "paymentTerm.location.hierarchy": {
    "message": "Um dos locais não está vinculado a sua hierarquia."
  },
  "paymentTerm.customer.hierarchy": {
    "message": "Um dos clientes não está vinculado a sua hierarquia."
  },
  "paymentTerm.location.DontBelongToAnyCustomer": {
    "message": "Local ${location} não pertence a nenhum cliente vinculado a esta condição de pagamento."
  },
  "order.priceListWithoutPermissions": {
    "message": "A tabela de preço {0} não pode ser utilizada pois não está inserida nos critérios de permissão."
  },
  "order.priceListOutOfDate": {
    "message": "A tabela de preço {0} não pode ser utilizada pois está fora de vigência."
  },
  "order.userProfessional.changeWithItems": {
    "message": "O usuário responsável não pode ser alterado pois já existem produtos ou serviços no carrinho"
  },
  "order.customer.changeWithItems": {
    "message": "O cliente não pode ser alterado pois já existem produtos ou serviços no carrinho"
  },
  "order.location.changeWithItems": {
    "message": "O local não pode ser alterado pois já existem produtos ou serviços no carrinho"
  },
  "order.company.changeWithItems": {
    "message": "A empresa não pode ser alterada pois já existem produtos ou serviços no carrinho"
  },
  "order.priceList.changeWithItems": {
    "message": "A tabela de preço não pode ser alterada pois já existem produtos ou serviços no carrinho"
  },
  "order.currency.change": {
    "message": "A moeda não pode ser alterada pois já existem produtos ou serviços no carrinho"
  },
  "order.creditLimit.isNegative": {
    "message": "Não é possível finalizar o pedido com limite de crédito negativo."
  },
  "order.creditLimit.becomeNegative": {
    "message": "Não é possível finalizar o pedido com limite de crédito negativo."
  },
  "order.creditLimit.notExists": {
    "message": "Cliente não possui cadastro de limite de crédito. Entre em contato com o administrador do sistema."
  },
  "order.creditLimit.moreThanOneCreditLimit": {
    "message": "Existe mais de um limite de crédito vigente."
  },
  "order.item.cannotBeUsed": {
    "message": "Tabela de preço não pode ser utilizada."
  },
  "order.item.mandatory.priceList": {
    "message": "Não é possível salvar item de pedido sem tabela de preço."
  },
  "orderConfig.notAllowed": {
    "message": "O metodo informado não é permitido para esse recurso."
  },
  "orderConfig.negativeCreditValue": {
    "message": "O indicador \"Bloquear a finalização de pedido para cliente com credito negativo\" pode estar ativado somente se o indicador \"Limite de crédito obrigatório\" estiver ativado."
  },
  "orderConfig.negativeCreditRequired": {
    "message": "O indicador \"Limite de crédito obrigatório\" pode estar desativado somente se o indicador \"Bloquear a finalização de pedido para cliente com credito negativo\" estiver desativado."
  },
  "order.situationDoesNotExist": {
    "message": "Nenhuma situação de pedido foi encontrada. Por favor, faça o cadastro ou entre em contato com o administrador do sistema."
  },
  "orderInstalment.numberInUse": {
    "message": "Não pode haver parcelas com número repetido ou fora de sequência."
  },
  "orderInstalment.dateInUse": {
    "message": "Não pode haver parcelas com mesma data de vencimento."
  },
  "orderInstalment.dateLowerThanOrder": {
    "message": "Data de vencimento não pode ser menor que a data do pedido."
  },
  "orderInstalment.dateLowerThanLastInstalment": {
    "message": "Data de vencimento não pode ser menor ou igual a data de vencimento da parcela anterior."
  },
  "orderInstalment.maximumNumberOfInstalments": {
    "message": "A quantidade máxima de parcelas permitidas para a condição de pagamento é ${maxNumber}."
  },
  "orderInstalment.instalmentsValueDifferentThanOrder": {
    "message": "A somatória das parcelas deve ser igual ao valor total do pedido."
  },
  "orderInstalment.instalmentsValueBiggerThanZero": {
    "message": "Valor da parcela deve ser maior que zero."
  },
  "order.instalment.notFound": {
    "message": "A parcela informada não foi encontrada."
  },
  "orderInstalment.dateHigherThanNextInstalment": {
    "message": "Data de vencimento não pode ser maior ou igual a data de vencimento da próxima parcela."
  },
  "orderInstalment.valueWillGenerateNegativeInstalments": {
    "message": "Valor informado gera valores negativos nas demais parcelas. Informe outro valor."
  },
  "orderInstalment.pluginDisabled": {
    "message": "O plugin parcelas está desabilitado. Habilite-o para salvar informações de parcelas."
  },
  "order.item.increaseValue.inconsistent": {
    "message": "O valor do acréscimo deveria ser {0}."
  },
  "order.item.increasePercentage.inconsistent": {
    "message": "O percentual de acréscimo deveria ser {0}."
  },
  "fieldSizeValue": {
    "message": "O tamanho deve estar entre ${min} e ${max}."
  },
  "invalidValueField": {
    "message": "Formato do campo inválido."
  },
  "urlParameterNotFound": {
    "message": "O parametro informado não foi encontrado."
  },
  "sales.registerNotFound": {
    "message": "Registro não encontrado."
  },
  "sales.registerInactive": {
    "message": "Registro inativo."
  },
  "sales.registerOutOfDate": {
    "message": "Registro fora de vigência."
  },
  "sales.dateBeforeToday": {
    "message": "Deve ser maior ou igual a data atual."
  },
  "sales.dueDate.mustBeFilled": {
    "message": "Deve ser preenchido."
  },
  "customer.LocationDoNotBelongToCustomer": {
    "message": "O local informado não pertence ao cliente."
  },
  "order.withdrawalCompany.notFound": {
    "message": "O Local de retirada informado não foi encontrado."
  },
  "order.withdrawalCompany.inactive": {
    "message": "O Local de retirada informado está inactivo."
  },
  "order.operation.notFound": {
    "message": "A operação informada não foi encontrada."
  },
  "order.representative.notFound": {
    "message": "O representante informado não foi encontrado."
  },
  "order.consultant.notFound": {
    "message": "O consultor informado não foi encontrado."
  },
  "order.coordinator.notFound": {
    "message": "O coordenador informado não foi encontrado."
  },
  "order.treatment.notFound" : {
    "message" : "O tratamento informado não foi encontrado."
  },
  "parameter.could.not.enable" : {
    "message" : "O parametro não pode ser ativado."
  },
  "parameter.could.not.disable" : {
    "message" : "O parametro não pode ser desativado."
  },
  "error.validating.entity" : {
    "message" : "Não foi possível salvar. Por favor, tente novamente."
  },
  "delivery.order.already.has.delivery" : {
    "message" : "Já existe uma entrega cadastrada para este pedido."
  },
  "order.cannot.edit.because.is.external" : {
    "message" : "Não é permitido alterar este pedido, pois o mesmo tem origem em ambiente externo."
  },
  "order.cannot.remove.because.is.external" : {
    "message" : "Não é permitido excluir este pedido, pois o mesmo tem origem em ambiente externo."
  },
  "order.generate.credit.limit.error" : {
    "message" : "Erro ao tentar atualizar limite de crédito. Contate o suporte."
  },
  "order.does.not.have.value" : {
    "message" : "O pedido não possui valor."
  },
  "value.should.be": {
    "message": "O valor deve ser ${value}."
  },
  "permission.already.persisted" : {
    "message" : "Está permissão já foi salva."
  },
  "javax.ws.rs.InvalidJSONField.message" : {
  	"code": "MSG49E",
  	"message": "Uma ou mais propriedades estão com formatos inválidos."
  },
  "permissions.order-technical-coordinators":{
    "message": "Coordenador técnico"
  },
  "permissions.order-treatments":{
    "message": "Tratamento"
  },
  "permissions.order-technical-consultants":{
    "message": "Consultor técnico"
  },
  "permissions.situations":{
    "message": "Situação de pedido"
  },
  "permissions.payment-terms":{
    "message": "Condição de pagamento"
  },
  "permissions.invoice-types":{
    "message": "Tipo de nota fiscal"
  },
  "permissions.invoice-type-items":{
    "message": "Item do tipo de nota fiscal"
  },
  "permissions.order-representatives":{
    "message": "Representante"
  },
  "permissions.invoices":{
    "message": "Nota fiscal"
  },
  "permissions.orders":{
    "message": "Pedido"
  },
  "permissions.order-operations":{
    "message": "Operação"
  },
  "permissions.order-types":{
    "message": "Tipo de pedido"
  },
  "permissions.invoice-situations":{
    "message": "Situação da nota fiscal"
  },
  "permissions.order-integration":{
    "message": "Integração"
  },
  "permissions.payment-methods":{
    "message": "Forma de pagamento"
  },
  "permissions.order-parameters":{
    "message": "Parâmetros de pedido"
  },
  "permissions.service":{
    "message": "Venda"
  },
  "permissions.deal":{
    "message": "Acordo"
  },
  "permissions.order-situations":{
    "message": "Situação"
  },
  "permissions.order-currencies":{
    "message": "Moeda"
  },
  "document.creation.error":{
    "message":  "Erro ao criar Documento. Detalhes: {0}"
  },
  "document.MemberWithoutEmail" : {
    "message": "O cliente informado não possue email."
  },
  "document.emailMessage" : {
    "message": "Pedido enviado para assinatura"
  },
  "document.template.error.retrieve": {
    "message": "Erro ao recuperar o Template."
  },
  "document.emailNotBelongToCustomer": {
    "message": "O email informado não pertence ao cliente."
  },
  "validation.email.message": {
    "message": "Não é um endereço de e-mail."
  },
  "order.activity.notFound": {
    "message": "A atividade não foi encontrada"
  },
  "order.service.increasePercentage.inconsistent": {
    "message": "O percentual de acréscimo deveria ser {0}"
  },
  "order.service.increaseValue.inconsistent": {
    "message": "O valor do acréscimo deveria ser {0}"
  },
  "order.service.discountPercentage.inconsistent": {
    "message": "O percentual de desconto deveria ser {0}"
  },
  "order.service.discountValue.inconsistent": {
    "message": "O valor do desconto deveria ser {0}"
  },
  "order.service.discountAndIncreaseValues": {
    "message": "Os valores de desconto e acréscimo não devem ser informados na mesma transação"
  },
  "order.service.serviceNotFound": {
    "message": "O serviço informado não existe"
  }
}
