{
  "invalid.page.params": {
    "message": "Page param must be an integer."
  },
  "invalid.sort.params": {
    "message": "Sort param must contain two values being the first the field and the second the direction(asc or desc). Example: sort=description,desc."
  },
  "patch.invalid.header": {
    "message": "PATCH method accepts only 'application/json-patch+json' or 'application/merge-patch+json' headers."
  },
  "patch.invalid.content": {
    "message": "Content format is invalid , the format should follow the rules on  RFC 6902 for 'application/merge-patch+json' and RFC 7386 for 'application/json-patch+json'."
  },
  "javax.validation.constraints.AssertFalse.message": {
    "message": "Must be false."
  },
  "javax.validation.constraints.AssertTrue.message": {
    "message": "Must be true."
  },
  "javax.validation.constraints.DecimalMax.message": {
    "message": "Must be less than or equal to ${value}."
  },
  "javax.validation.constraints.DecimalMin.message": {
    "message": "Must be greater than or equal to ${value}."
  },
  "javax.validation.constraints.Digits.message": {
    "message": "Numeric value outside of given parameters (<${integer} digits>.<${fraction} digits> expected)."
  },
  "javax.validation.constraints.Email.message": {
    "message": "Must be a well-formed email address."
  },
  "javax.validation.constraints.Future.message": {
    "message": "Must be in the future."
  },
  "javax.validation.constraints.Max.message": {
    "message": "Must be less than or equal to ${max}."
  },
  "javax.validation.constraints.Min.message": {
    "message": "Must be greater than or equal to ${value}."
  },
  "javax.validation.constraints.Negative.message": {
    "message": "Must be less than or equal to 0."
  },
  "javax.validation.constraints.NotBlank.message": {
    "message": "Must not be blank."
  },
  "javax.validation.constraints.NotEmpty.message": {
    "message": "Must not be empty."
  },
  "javax.validation.constraints.NotNull.message": {
    "message": "This field is required."
  },
  "javax.validation.constraints.Null.message": {
    "message": "Must be null."
  },
  "javax.validation.constraints.Past.message": {
    "message": "Must be in the past."
  },
  "javax.validation.constraints.Pattern.message": {
    "message": "Must match \"{2}\"."
  },
  "javax.validation.constraints.Positive.message": {
    "message": "Must be greater than or equal to 0."
  },
  "javax.validation.constraints.Size.message": {
    "message": "The maximum character limit for this field is ${max}."
  },
  "commons.restqueryurl.parser.invalidParameters.message": {
    "message": "Invalid parameters, see error log on server."
  },
  "commons.restqueryurl.parser.invalidSingleParameter.message": {
    "message": "Invalid parameter '{1}'."
  },
  "commons.restqueryurl.valueNotAssignable.message": {
    "message": "Value not assignable for any field."
  },
  "commons.projection.mapping.invalidPaths": {
    "message": "Invalid projection. The following fields do not exist: '{0}'."
  },
  "order.without.items": {
    "message": "Order must have either a product or service at least"
  },
  "deliveryGreaterThanShipmentDate": {
    "message": "The delivery date must be the same or after the preparation date."
  },
  "deliveryLessThanCurrentDate": {
    "message": "The loading date must be the same or after the current date."
  },
  "order.already.confirmed": {
    "message": "A confirmed order cannot be edited."
  },
  "sales.paymentTerm.standard.unique.validation": {
    "message": "The payment term \"${paymentTermDescription}\" is already set as standard"
  },
  "order.confirmed.cannot.remove": {
    "message": "A confirmed order cannot be removed."
  },
  "order.number.cannotBeEdited": {
    "message": "An order number cannot be edited."
  },
  "situation.invalid": {
    "message": "This situation is invalid."
  },
  "order.invalid": {
    "message": "This order is invalid."
  },
  "order.itemInactiveInPriceList": {
    "message": "The product is inactive in price list."
  },
  "order.validation.anotherServiceExecutionForInsert": {
    "message": "It's not possible to place the order. There is a service running for a different customer."
  },
  "order.validation.anotherServiceExecutionForUpdate": {
    "message": "It's not possible to edit the order. There is a service running for a different customer."
  },
  "order.validation.serviceInExecutionForAnotherLocationForInsert": {
    "message": "It's not possible send the order. There is a service with another customer location."
  },
  "order.validation.serviceInExecutionForAnotherLocationForUpdate": {
    "message": "It's not possible edit the order. There is a service with another customer location."
  },
  "invoice.billingDateGreaterThanCurrentDate": {
    "message": "The billing date must be equal to or before the current date."
  },
  "invoice.totalOfInvoiceMustBeGreaterTharZero": {
    "message": "The invoice total must be greater than zero."
  },
  "invoice.totalValueOfInvoiceItemMustBeGreaterThanZero": {
    "message": "The total value of the invoice item must be greater than zero."
  },
  "invoice.unitValueOfInvoiceItemMustBeGreaterThanZero": {
    "message": "The unit value of the invoice item must be greater than zero."
  },
  "invoice.quantityOfInvoiceItemMustBeGreaterThanZero": {
    "message": "The quantity of the invoice item must be greater than zero."
  },
  "invoice.totalValueItsDifferentOfSumOfItemsValues": {
    "message": "The invoice total value must be equal to the sum of item values."
  },
  "invoice.invoiceItemWasNotInformed": {
    "message": "The items were not informed on the invoice."
  },
  "invoice.totalValueMustBeEqualUnitValueMultipliedByQuantity": {
    "message": "The total value must be equal to the unit value multiplied by quantity."
  },
  "invoice.invoiceTypeItemMustBeInformedForInvoiceItem": {
    "message": "The invoice type item must be informed for the item."
  },
  "invoice.salesOrderNotFound": {
    "message": "The sales order informed for the item doesn't exist."
  },
  "invoice.invoiceTypeItemNotFound": {
    "message": "The invoice type item informed for the item doesn't exist."
  },
  "invoice.measureUnitNotFound": {
    "message": "The measure unit informed for the item doesn't exist."
  },
  "invoice.productNotFound": {
    "message": "The product informed for the item doesn't exist."
  },
  "invoice.invoiceSituationMustBeInformedForInvoice": {
    "message": "The invoice situation item must be informed for the invoice."
  },
  "invoice.invoiceSituationNotFound": {
    "message": "The invoice situation informed for the invoice doesn't exist."
  },
  "invoice.invoiceTypeMustBeInformedForInvoice": {
    "message": "The invoice type must be informed for the invoice."
  },
  "invoice.invoiceTypeNotFound": {
    "message": "The invoice type informed for the invoice doesn't exist."
  },
  "invoice.paymentTermNotFound": {
    "message": "The payment term informed for the invoice doesn't exist."
  },
  "invoice.customerNotFound": {
    "message": "The customer informed for the invoice doesn't exist."
  },
  "invoice.locationNotFound": {
    "message": "The location informed for the invoice doesn't exist."
  },
  "invoice.locationIsNotTheSameForTheCustomer": {
    "message": "Customer location and invoice location must be the same."
  },
  "invoice.userNotFound": {
    "message": "The user informed for the invoice doesn't exist."
  },
  "invoice.currencyNotFound": {
    "message": "The currency informed for the invoice doesn't exist."
  },
  "invoice.invoiceSituationIdMustBeInformed": {
    "message": "The invoice situation id must be informed."
  },
  "invoice.invoiceNotFoundFoUpdate": {
    "message": "The invoice doesn't exist."
  },
  "invoice.invoiceSituationNotFoundForUpdate": {
    "message": "The informed invoice situation for invoice update doesn't exist."
  },
  "deal.confirmed.cannot.remove": {
    "message": "A confirmed deal cannot be removed."
  },
  "quantity.validation.min.value.greater.than.zero": {
    "message": "The quantity must be greater than 0"
  },
  "totalQuantity.mustBeGreaterThanZero": {
    "message": "The total quantity must be greater than 0"
  },
  "repetition.mustBeGreaterThanZero": {
    "message": "The repetition must be greater than 0"
  },
  "order.item.packaging.notFound": {
    "message": "The packaging informed not found."
  },
  "order.item.order.notFound": {
    "message": "The order was not found"
  },
  "order.item.product.notFound": {
    "message": "The product informed not found."
  },
  "order.item.product.inactive": {
    "message": "The product is inactive"
  },
  "order.service.inactive": {
    "message": "The service is inactive"
  },
  "order.service.alreadyExist": {
    "message": "Service already exists in the order"
  },
  "order.item.priceList.notFound": {
    "message": "The price list informed not found."
  },
  "order.item.priceList.inactive": {
    "message": "The price list is inactive"
  },
  "order.item.priceListItem.notFound": {
    "message": "The price list item informed not found."
  },
  "order.item.priceListItem.mustBelongsToPriceList": {
    "message": "The price list item must to belongs to price list."
  },
  "order.item.product.mustBelongsToPriceListItem": {
    "message": "Product does not belong to the price list"
  },
  "order.item.service.mustBelongsToPriceListItem": {
    "message": "Service does not belong to the price list"
  },
  "order.item.productPackaging.notFound": {
    "message": "The packaging informed not found."
  },
  "order.item.productPackaging.mustBelongsToProduct": {
    "message": "The packaging must to belongs to product."
  },
  "order.item.occurrence.notFound": {
    "message": "The occurrence informed not found."
  },
  "order.item.occurrence.inactive": {
    "message": "The occurrence informed is inactive."
  },
  "order.item.product.productMustBeUnique": {
    "message": "The product already exists in the order"
  },
  "order.item.quantity.inconsistentPack": {
    "message": "The quantity is invalid for packaging."
  },
  "order.item.originalPrice.isNotSamePriceListItem": {
    "message": "The original price must be equal sales price of price list."
  },
  "order.item.discountValue.inconsistent": {
    "message": "Discount value must be {0}."
  },
  "order.item.discountPercentage.inconsistent": {
    "message": "Discount percentage must be {0}."
  },
  "delivery.location.dontBelong": {
    "message": "The delivery location must belong to the client entered in the order header."
  },
  "delivery.location.dontExists": {
    "message": "The informed location does not exists."
  },
  "delivery.freightValue.incorrect.CIF": {
    "message": "Must be greater than zero."
  },
  "delivery.freightValue.incorrect.FOB": {
    "message": "FOB must not have a value."
  },
  "delivery.date.incorrect" : {
    "message" : "The delivery date must be greater than or equal the date of loading."
  },
  "delivery.incoterms.dontExists": {
    "message": "The type of freight informed was not found."
  },
  "delivery.incoterms.notActive": {
    "message": "The incoterms informed is inactive."
  },
  "delivery.order.dontExists": {
    "message": "The informed order does not exists."
  },
  "delivery.change.incoterms.not.allowed": {
  	"message" : "Freight type can not be changed because there are products entered in the order."
  },
  "validation.value.greater.than.allowed": {
    "message": "The informed value is greater than allowed."
  },
  "validation.min.value.greater.than.or.equal.to.zero": {
    "message": "The value informed must be greater than or equal to zero."
  },
  "order.company.notFound": {
    "message": "The company was not found"
  },
  "order.paymentTerm.notFound": {
    "message": "The payment term was not found"
  },
  "order.paymentTerm.notMatchCriteria": {
    "message": "Payment term ${paymentTermDescription} cannot be used because it is not included in the permission criteria."
  },
  "order.paymentTerm.notFound.priceList": {
    "message": "Payment term can not be different from those linked to the informed price list.."
  },
  "order.customer.notFound": {
    "message": "The customer was not found"
  },
  "order.paymentMethod.notFound": {
    "message": "The payment method was not found"
  },
  "order.priceList.notFound": {
    "message": "The price list was not found"
  },
  "sales.orderType.standard.unique.validation": {
    "message": "The order type \"${orderType}\" is already set as standard"
  },
  "order.user.notFound": {
    "message": "The user informed was not found."
  },
  "order.location.notFound": {
    "message": "The location was not found"
  },
  "order.orderType.notFound": {
    "message": "The order type was not found"
  },
  "order.orderCurrency.notFound": {
    "message": "The currency was not found"
  },
  "order.currencyQuotation.notFound": {
    "message": "The currency exchange date was not found for the registered currency"
  },
  "order.company.inactive": {
    "message": "The company is inactive"
  },
  "order.paymentTerm.inactive": {
    "message": "The payment term is inactive"
  },
  "order.customer.inactive": {
    "message": "The customer is inactive"
  },
  "order.paymentMethod.inactive": {
    "message": "The payment method is inactive"
  },
  "order.priceList.inactive": {
    "message": "The price list is inactive"
  },
  "order.user.inactive": {
    "message": "The user is inactive"
  },
  "order.location.inactive": {
    "message": "The location is inactive"
  },
  "order.orderType.inactive": {
    "message": "The order type is inactive"
  },
  "order.orderCurrency.inactive": {
    "message": "The currency informed is inactive."
  },
  "order.location.notbelongs": {
    "message": "The location does not belong to customer"
  },
  "order.item.minimumPrice": {
    "message": "The sales price must be greater than or equal the minimum price ({0})."
  },
  "order.without.value": {
    "message": "Unable to finish because the order value is 0"
  },
  "order.already.finalized": {
    "message": "This order is already finished"
  },
  "order.item.saleFractionated": {
    "message": "This item cannot be sell fractionated."
  },
  "order.order.notFound": {
    "message": "The order informed was not found."
  },
  "order.finalized": {
    "message": "Order has been placed and therefore cannot be changed"
  },
  "order.orderCurrency.quotationDateNotBelongsToCurrency": {
    "message": "The Exchange rate's date informed not belongs to currency."
  },
  "order.orderCurrency.doesNotBelongToPriceList": {
    "message": "Currency does not belong to price list."
  },
  "order.validation.dueDateLowerThanNow": {
    "message": "Due date must not be lower than today."
  },
  "order.validation.dueDateBlocked": {
    "message": "The due date is different from payment term settings. Due date must be equal to (current date + average term)."
  },
  "order.validation.dueDateInactive": {
    "message": "The due date plugin is disabled, enable it to save the due date."
  },
  "order.item.discountAndFixedPrice": {
    "message": "Discount is not allowed for product {0}, as the price is set as fixed."
  },
  "order.item.discountPercentageInvalid": {
    "message": "The discount informed exceeds the maximum allowed {0}%."
  },
  "order.item.discountValueInvalid": {
    "message": "The discount value exceeds the maximum allowed {0}."
  },
  "order.item.currencyPluginDisabled": {
    "message": "The currency parameter is disabled, enable it to save currency data"
  },
  "order.item.attendanceRequiredDisabled": {
    "message": "To start an order it is necessary to start a service."
  },
  "order.user.userIsNotLogged": {
    "message": "The order user is not signed in"
  },
  "order.signatureMissing": {
    "message": "Necesidad de firma para finalizar el pedido."
  },
  "order.validation.professional.notFound": {
    "message": "The professional informed was not found."
  },
  "order.validation.professional.inactive": {
    "message": "The professional informed is inactive."
  },
  "order.validation.professional.notBelongsToUser": {
    "message": "The professional not belong to user."
  },
  "order.validation.updateProfessionalWithItems": {
    "message": "The professional can not be changed."
  },
  "exception.invalid.format": {
    "message": "One or more properties are in invalid formats."
  },
  "paymentTerm.location.DontBelongToAnyCustomer": {
    "message": "Location ${location} does not belong to any customers related to this payment term."
  },
  "order.userProfessional.changeWithItems": {
    "message": "User responsible cannot be changed as the cart already has either products or services in it"
  },
  "order.customer.changeWithItems": {
    "message": "Customer cannot be changed as the cart already has either products or services in it"
  },
  "order.location.changeWithItems": {
    "message": "Location cannot be changed as the cart already has either products or services in it"
  },
  "order.company.changeWithItems": {
    "message": "The company cannot be changed as the cart already has either products or services in it"
  },
  "order.priceList.changeWithItems": {
    "message": "Price list cannot be changed as the cart already has either products or services in it"
  },
  "order.currency.change": {
    "message": "The currency cannot be changed as the cart already has either products or services in it"
  },
  "order.creditLimit.isNegative": {
    "message": "It is not possible to finalize the order with negative credit limit."
  },
  "order.creditLimit.becomeNegative": {
    "message": "It is not possible to finalize the order with negative credit limit."
  },
  "order.priceListWithoutPermissions": {
    "message": "Price list {0} can not be used because it is not included in the permission criteria."
  },
  "order.priceListOutOfDate": {
    "message": "Price list {0} can not be used because it is out of date."
  },
  "order.creditLimit.notExists": {
    "message": "Customer does not have a credit limit register. Contact your system administrator."
  },
  "order.creditLimit.moreThanOneCreditLimit": {
    "message": "There is more than one current credit limit."
  },
  "order.item.cannotBeUsed": {
    "message": "Price table can not be used."
  },
  "order.item.mandatory.priceList": {
    "message": "Can not save order item without price table."
  },
  "orderConfig.notAllowed": {
    "message": "The requested method is not allowed for this resource."
  },
  "orderConfig.negativeCreditValue": {
    "message": "The \"Block order finalization for customer with negative credit\" indicator can only be enabled if the \"Required credit limit\" indicator is enabled."
  },
  "orderConfig.negativeCreditRequired": {
    "message": "The \"Required credit limit\" indicator can only be disabled if the \"Block order finalization for customer with negative credit\" indicator is disabled."
  },
  "order.situationDoesNotExist": {
    "message": "There is no order status available. Please, add one or contact the system administrator."
  },
  "orderInstalment.numberInUse": {
    "message": "There can be no instalments with repeated number or out of sequence."
  },
  "orderInstalment.dateInUse": {
    "message": "There can be no instalments with repeated due date."
  },
  "orderInstalment.dateLowerThanOrder": {
    "message": "Due date can not be less than the date of the order."
  },
  "orderInstalment.dateLowerThanLastInstalment": {
    "message": "Due date can not be less than or equal to the due date of the previous instalment."
  },
  "orderInstalment.maximumNumberOfInstalments": {
    "message": "The maximum amount of instalments allowed for the payment condition is ${maxNumber}."
  },
  "orderInstalment.instalmentsValueDifferentThanOrder": {
    "message": "The sum of the instalments must be equal to the total value of the order."
  },
  "orderInstalment.instalmentsValueBiggerThanZero": {
    "message": "Instalment value must be greater than zero."
  },
  "order.instalment.notFound": {
    "message": "The instalment informed was not found."
  },
  "orderInstalment.dateHigherThanNextInstalment": {
    "message": "Due date can not be higher than or equal to the due date of the next instalment."
  },
  "orderInstalment.valueWillGenerateNegativeInstalments": {
    "message": "Entered value generates negative values ​​in other instalments. Enter other value."
  },
  "orderInstalment.pluginDisabled": {
    "message": "The instalments plugin is disabled. Enable it to save instalments data."
  },
  "order.item.increaseValue.inconsistent": {
    "message": "Increase value must be {0}."
  },
  "order.item.increasePercentage.inconsistent": {
    "message": "Increase percentage must be {0}."
  },
  "fieldSizeValue": {
    "message": "Size must be between ${min} and ${max}."
  },
  "invalidValueField": {
    "message": "Field format is invalid."
  },
  "urlParameterNotFound": {
    "message": "The parameter informed not found."
  },
  "sales.registerNotFound": {
    "message": "Register not found."
  },
  "sales.registerInactive": {
    "message": "Inactive register."
  },
  "sales.registerOutOfDate": {
    "message": "Register out of date."
  },
  "sales.dateBeforeToday": {
    "message": "The date must be today or later."
  },
  "sales.dueDate.mustBeFilled": {
    "message": "Must be filled."
  },
  "customer.LocationDoNotBelongToCustomer": {
    "message": "The location not belong to customer."
  },
  "order.withdrawalCompany.notFound": {
    "message": "The withdrawal location informed was not found."
  },
  "order.withdrawalCompany.inactive": {
    "message": "The withdrawal location informed is inactive."
  },
  "order.operation.notFound": {
    "message": "The operation informed was not found."
  },
  "order.representative.notFound": {
    "message": "The representative informed was not found."
  },
  "order.consultant.notFound": {
    "message": "The consultant informed was not found."
  },
  "order.coordinator.notFound": {
    "message": "The coordinator informed was not found."
  },
  "order.treatment.notFound" : {
    "message" : "The treatment informed was not found."
  },
  "parameter.could.not.enable" : {
    "message" : "The parameter can not be activated."
  },
  "parameter.could.not.disable" : {
    "message" : "The parameter can not be deactivated."
  },
  "error.validating.entity" : {
    "message" : "Could not save. Please try again."
  },
  "delivery.order.already.has.delivery" : {
    "message" : "There is already a registered delivery for this order."
  },
  "order.cannot.edit.because.is.external" : {
    "message" : "It is not allowed to change this order, since it originates in an external environment."
  },
  "order.cannot.remove.because.is.external" : {
    "message" : "It is not allowed to delete this order, since it originates in an external environment."
  },
  "order.generate.credit.limit.error" : {
    "message" : "Error trying to update credit limit. Contact support."
  },
  "sales.paymentMethod.standard.unique.validation" : {
  	"message" : "The payment method \"${paymentMethod}\" is already set as standard"
  },
  "order.does.not.have.value" : {
    "message" : "The order has no value."
  },
  "value.should.be": {
    "message": "The value must be ${value}."
  },
  "permission.already.persisted" : {
    "message" : "This permission has already been saved."
  },
  "javax.ws.rs.InvalidJSONField.message" : {
  	"code": "MSG49E",
  	"message": "One or more properties are in invalid formats."
  },
  "permissions.order-technical-coordinators":{
    "message": "Technical coordinator"
  },
  "permissions.order-treatments":{
    "message": "Treatment"
  },
  "permissions.order-technical-consultants":{
    "message": "Technical consultant"
  },
  "permissions.situations":{
    "message": "Order status"
  },
  "permissions.payment-terms":{
    "message": "Payment term"
  },
  "permissions.invoice-types":{
    "message": "Invoice type"
  },
  "permissions.invoice-type-items":{
    "message": "Invoice type item"
  },
  "permissions.order-representatives":{
    "message": "Salesman"
  },
  "permissions.invoices":{
    "message": "Invoice"
  },
  "permissions.orders":{
    "message": "Order"
  },
  "permissions.order-operations":{
    "message": "Operation"
  },
  "permissions.order-types":{
    "message": "Order type"
  },
  "permissions.invoice-situations":{
    "message": "Invoice status"
  },
  "permissions.order-integration":{
    "message": "Integration"
  },
  "permissions.payment-methods":{
    "message": "Payment method"
  },
  "permissions.order-parameters":{
    "message": "Order parameters"
  },
  "permissions.service":{
    "message": "Sales"
  },
  "permissions.deal":{
    "message": "Deal"
  },
  "permissions.order-situations":{
    "message": "Status"
  },
  "permissions.order-currencies":{
    "message": "Currency"
  },
  "document.creation.error":{
    "message":  "Error creating Document. Details: {0}"
  },
  "document.MemberWithoutEmail" : {
    "message": "The informed customer doesn't have an email."
  },
  "document.emailMessage" : {
    "message": "Order sent for signature"
  },
  "document.template.error.retrieve": {
    "message": "Error trying to retrieve template."
  },
  "document.emailNotBelongToCustomer": {
    "message": "Email doesn't belong to the customer."
  },
  "validation.email.message": {
    "message": "Must be a well-formed email address."
  },
  "order.activity.notFound": {
    "message": "The activity was not found"
  },
  "order.service.increasePercentage.inconsistent": {
    "message": "Increase percentage must be {0}"
  },
  "order.service.increaseValue.inconsistent": {
    "message": "Increase value must be {0}"
  },
  "order.service.discountPercentage.inconsistent": {
    "message": "Discount percentage must be {0}"
  },
  "order.service.discountValue.inconsistent": {
    "message": "Discount value must be {0}"
  },
  "order.service.discountAndIncreaseValues": {
    "message": "Discount and increase values can not be informed at the same time"
  },
  "order.service.serviceNotFound": {
    "message": "The service informed does not exist"
  }
}
