{
  "invalid.page.params": {
    "message": "Parámetro page debe ser un integer."
  },
  "invalid.sort.params": {
    "message": "Parámetro sort debe contener dos valores, siendo el primer el campo y el segundo la dirección (asc o desc). Ejemplo: sort=description,desc."
  },
  "patch.invalid.header": {
    "message": "El método PATCH acepta apenas los headers 'application/json-patch+json' o 'application/merge-patch+json'."
  },
  "patch.invalid.content": {
    "message": "Formato de contenido inválido, el formato debe seguir la RFC 6902 para 'application/merge-patch+json' y RFC 7386 para 'application/json-patch+json'."
  },
  "javax.validation.constraints.AssertFalse.message": {
    "message": "Debe ser falso."
  },
  "javax.validation.constraints.AssertTrue.message": {
    "message": "Debe ser verdadero."
  },
  "javax.validation.constraints.DecimalMax.message": {
    "message": "Debe ser menor o igual a ${value}."
  },
  "javax.validation.constraints.DecimalMin.message": {
    "message": "Debe ser mayor o igual a ${value}."
  },
  "javax.validation.constraints.Digits.message": {
    "message": "Valor numérico fuera del límite (<${integer} dígitos>.<${fraction} dígitos> esperado)."
  },
  "javax.validation.constraints.Email.message": {
    "message": "No es una dirección de e-mail."
  },
  "javax.validation.constraints.Future.message": {
    "message": "Debe estar en el futuro."
  },
  "javax.validation.constraints.Max.message": {
    "message": "Debe ser menor o igual a ${max}."
  },
  "javax.validation.constraints.Min.message": {
    "message": "Debe ser mayor o igual a ${value}."
  },
  "javax.validation.constraints.Negative.message": {
    "message": "Debe ser menor o igual a  0."
  },
  "javax.validation.constraints.NotBlank.message": {
    "message": "No puede estar en blanco."
  },
  "javax.validation.constraints.NotEmpty.message": {
    "message": "No puede estar vacío."
  },
  "javax.validation.constraints.Null.message": {
    "message": "Debe ser nulo."
  },
  "javax.validation.constraints.Past.message": {
    "message": "Debe estar en el pasado."
  },
  "javax.validation.constraints.Pattern.message": {
    "message": "Debe combinar \"{2}\"."
  },
  "javax.validation.constraints.Positive.message": {
    "message": "Debe ser mayor o igual a 0."
  },
  "javax.validation.constraints.Size.message": {
    "message": "El límite máximo de caracteres para este campo es ${max}."
  },
  "commons.restqueryurl.parser.invalidParameters.message": {
    "message": "Parámetros inválidos, vea el log de error en el servidor."
  },
  "commons.restqueryurl.parser.invalidSingleParameter.message": {
    "message": "Parámetro inválido '{1}'."
  },
  "commons.restqueryurl.valueNotAssignable.message": {
    "message": "Valor no atribuible para ningún campo."
  },
  "commons.projection.mapping.invalidPaths": {
    "message": "Proyección inválida. Los siguientes campos no existen: '{0}'."
  },
  "order.without.items": {
    "message": "El pedido debe tener al menos un producto o servicio"
  },
  "deliveryGreaterThanShipmentDate": {
    "message": "La fecha de entrega debe ser igual o después de la fecha de preparación."
  },
  "deliveryLessThanCurrentDate": {
    "message": "La fecha de entrega debe ser igual o después de la fecha actual."
  },
  "order.already.confirmed": {
    "message": "Un pedido confirmado no puede ser editado."
  },
  "order.confirmed.cannot.remove": {
    "message": "Un pedido confirmado no puede ser eliminado."
  },
  "order.number.cannotBeEdited": {
    "message": "El número del pedido no puede ser editado."
  },
  "situation.invalid": {
    "message": "Esta situación es inválida."
  },
  "order.invalid": {
    "message": "Este pedido es inválido."
  },
  "order.itemInactiveInPriceList": {
    "message": "The product is inactive in price list."
  },
  "order.validation.anotherServiceExecutionForInsert": {
    "message": "No es posible realizar el pedido. Existe una atención en ejecución para otro cliente."
  },
  "order.validation.anotherServiceExecutionForUpdate": {
    "message": "It's not possible to edit the order. There is a service running for a different customer."
  },
  "order.validation.serviceInExecutionForAnotherLocationForInsert": {
    "message": "It's not possible send the order. There is a service with another customer location."
  },
  "order.validation.serviceInExecutionForAnotherLocationForUpdate": {
    "message": "It's not possible edit the order. There is a service with another customer location."
  },
  "invoice.billingDateGreaterThanCurrentDate": {
    "message": "La fecha de facturación debe ser menor o igual a la fecha actual."
  },
  "invoice.totalOfInvoiceMustBeGreaterTharZero": {
    "message": "El valor total de la factura debe ser mayor que cero."
  },
  "invoice.totalValueOfInvoiceItemMustBeGreaterThanZero": {
    "message": "El valor total del artículo de la factura debe ser mayor que cero."
  },
  "invoice.unitValueOfInvoiceItemMustBeGreaterThanZero": {
    "message": "El valor unitario del artículo de la factura debe ser mayor que cero."
  },
  "invoice.quantityOfInvoiceItemMustBeGreaterThanZero": {
    "message": "La cantidad del artículo de la factura debe ser mayor que cero."
  },
  "invoice.totalValueItsDifferentOfSumOfItemsValues": {
    "message": "El valor total de la factura debe ser igual a la suma de los valores de los artículos."
  },
  "invoice.invoiceItemWasNotInformed": {
    "message": "Los artículos no fueron informados para la factura."
  },
  "invoice.totalValueMustBeEqualUnitValueMultipliedByQuantity": {
    "message": "El valor total del artículo debe ser igual al valor unitario multiplicado por la cantidad."
  },
  "invoice.invoiceTypeItemMustBeInformedForInvoiceItem": {
    "message": "El tipo del artículo de la factura debe ser informado para el artículo."
  },
  "invoice.salesOrderNotFound": {
    "message": "El pedido informado para el artículo no existe."
  },
  "invoice.invoiceTypeItemNotFound": {
    "message": "El tipo del artículo de la factura informado para el artículo no existe."
  },
  "invoice.measureUnitNotFound": {
    "message": "La unidad de medida informada para el artículo no existe."
  },
  "invoice.productNotFound": {
    "message": "El producto informado para el artículo no existe."
  },
  "invoice.invoiceSituationMustBeInformedForInvoice": {
    "message": "La situación de la factura debe ser informada para la factura."
  },
  "invoice.invoiceSituationNotFound": {
    "message": "La situación de la factura informada para la misma no existe."
  },
  "invoice.invoiceTypeMustBeInformedForInvoice": {
    "message": "El tipo de factura debe ser informado para la factura."
  },
  "invoice.invoiceTypeNotFound": {
    "message": "El tipo de factura informado para la misma no existe."
  },
  "invoice.paymentTermNotFound": {
    "message": "El término de pago informado para la factura no existe."
  },
  "invoice.customerNotFound": {
    "message": "El cliente informado para la factura no existe."
  },
  "invoice.locationNotFound": {
    "message": "La localización informada para la factura no existe."
  },
  "invoice.locationIsNotTheSameForTheCustomer": {
    "message": "La localización del cliente debe ser la misma de la localización de la factura."
  },
  "invoice.userNotFound": {
    "message": "El usuario informado para la factura no existe."
  },
  "invoice.currencyNotFound": {
    "message": "La moneda informada para la factura no existe."
  },
  "invoice.invoiceSituationIdMustBeInformed": {
    "message": "El id de la situación de la factura debe ser informado para actualizar la factura."
  },
  "invoice.invoiceNotFoundFoUpdate": {
    "message": "La factura no existe."
  },
  "invoice.invoiceSituationNotFoundForUpdate": {
    "message": "La situación de la factura informada para la actualización no existe."
  },
  "deal.confirmed.cannot.remove": {
    "message": "Una negociación confirmada no puede ser eliminada."
  },
  "quantity.validation.min.value.greater.than.zero": {
    "message": "La cantidad debe ser mayor que 0"
  },
  "totalQuantity.mustBeGreaterThanZero": {
    "message": "La cantidad total debe ser mayor que 0"
  },
  "repetition.mustBeGreaterThanZero": {
    "message": "La repetición debe ser mayor que 0"
  },
  "order.company.notFound": {
    "message": "La empresa no fue encontrada"
  },
  "order.item.order.notFound": {
    "message": "El pedido no fue encontrado"
  },
  "order.item.product.notFound": {
    "message": "The product informed not found."
  },
  "order.item.priceList.inactive": {
    "message": "La tabla de precios está inactiva"
  },
  "order.item.product.inactive": {
    "message": "El producto está inactivo"
  },
  "order.service.inactive": {
    "message": "El servicio está inactivo"
  },
  "order.service.alreadyExist": {
    "message": "Service already exists in the order"
  },
  "order.item.priceList.notFound": {
    "message": "The price list informed not found."
  },
  "order.item.priceListItem.notFound": {
    "message": "The price list item informed not found."
  },
  "order.item.packaging.notFound": {
    "message": "The packaging informed not found."
  },
  "order.item.product.mustBelongsToPriceListItem": {
    "message": "El producto no pertenece a la tabla de precio"
  },
  "order.item.service.mustBelongsToPriceListItem": {
    "message": "El servicio no pertenece a la tabla de precio"
  },
  "order.item.productPackaging.notFound": {
    "message": "El embalaje informado no ha sido encontrado."
  },
  "order.item.productPackaging.mustBelongsToProduct": {
    "message": "El embalaje debe pertenecer al producto."
  },
  "order.item.occurrence.notFound": {
    "message": "The occurrence informed not found."
  },
  "order.item.product.productMustBeUnique": {
    "message": "El producto ya existe en el pedido"
  },
  "order.item.quantity.inconsistentPack": {
    "message": "La cantidad no es válida para el envase."
  },
  "order.item.originalPrice.isNotSamePriceListItem": {
    "message": "The original price must be equal sales price of price list."
  },
  "order.item.discountValue.inconsistent": {
    "message": "Discount value must be {0}."
  },
  "order.item.discountPercentage.inconsistent": {
    "message": "Discount percentage must be {0}."
  },
  "delivery.location.dontBelong": {
    "message": "El local del entrega debe pertenecer al cliente informado en el encabezado del pedido."
  },
  "delivery.location.dontExists": {
    "message": "The informed location does not exists."
  },
  "delivery.freightValue.incorrect.CIF": {
    "message": "Debe ser mayor que cero."
  },
  "delivery.freightValue.incorrect.FOB": {
    "message": "FOB must not have a value."
  },
  "delivery.date.incorrect" : {
    "message" : "La fecha de entrega debe ser mayor o igual a la fecha de carga."
  },
  "delivery.incoterms.dontExists": {
    "message": "El tipo de flete informado no fue encontrado."
  },
  "delivery.incoterms.notActive": {
    "message": "El tipo de flete informado está inactivo."
  },
  "delivery.order.dontExists": {
    "message": "The informed order does not exists."
  },
  "delivery.change.incoterms.not.allowed": {
  	"message" : "El tipo de flete no se puede cambiar porque hay productos insertados en el pedido."
  },
  "validation.value.greater.than.allowed": {
    "message": "El valor informado es mayor que el permitido."
  },
  "order.location.notbelongs": {
    "message": "El local no pertenece al cliente"
  },
  "order.item.minimumPrice": {
    "message": "El precio de venta debe ser mayor o igual al precio mínimo. ({0})."
  },
  "order.without.value": {
    "message": "El valor total del pedido es 0 "
  },
  "sales.orderType.standard.unique.validation": {
    "message": "El tipo de pedido \"${orderType}\" ya está definido como estándar"
  },
  "order.user.notFound": {
    "message": "Este usuario no existe o está indisponible."
  },
  "sales.paymentTerm.standard.unique.validation": {
    "message": "La condición de pago \"${paymentTermDescription}\" ya está definida como estándar"
  },
  "sales.paymentMethod.standard.unique.validation": {
    "message": "El tipo de cobranza \"${paymentMethod}\" ya está definido como estándar"
  },
  "order.orderCurrency.quotationDateNotBelongsToCurrency": {
    "message": "La cotización informada no pertenece a la monedas."
  },
  "order.orderCurrency.doesNotBelongToPriceList": {
    "message": "La moneda no pertenece a la tabla de precios."
  },
  "order.item.discountAndFixedPrice": {
    "message": "No es permitido descuento para el producto {0}, pues el precio está definido como fijo."
  },
  "order.item.discountPercentageInvalid": {
    "message": "El descuento informado excede el máximo permitido {0}%."
  },
  "order.item.discountValueInvalid": {
    "message": "El valor del descuento excede el máximo permitido {0}."
  },
  "order.validation.professional.notFound": {
    "message": "El profesional informado no fue encontrado."
  },
  "order.validation.professional.inactive": {
    "message": "El profesional informado está inactivo."
  },
  "order.location.notFound": {
    "message": "El local no fue encontrado"
  },
  "order.orderType.notFound": {
    "message": "El tipo de pedido no fue encontrado"
  },
  "order.orderCurrency.notFound": {
    "message": "La moneda no fue encontrada"
  },
  "order.location.inactive": {
    "message": "El local está inactivo"
  },
  "order.orderType.inactive": {
    "message": "El tipo de pedido está inactivo"
  },
  "order.orderCurrency.inactive": {
    "message": "La moneda informada está inactiva."
  },
  "order.validation.professional.notBelongsToUser": {
    "message": "El profesional informado no es un usuario."
  },
  "order.validation.updateProfessionalWithItems": {
    "message": "El profesional no puede ser alterado."
  },
  "order.user.userIsNotLogged": {
    "message": "El usuario del pedido no está registrado"
  },
  "order.signatureMissing": {
    "message": "La firma es obligatoria para finalizar el pedido."
  },
  "exception.invalid.format": {
    "message": "Una o más propiedades están con formatos no válidos."
  },
  "paymentTerm.company.hierarchy" : {
    "message" : "Una de las empresas no pertenece al profesional o su jerarquía."
  },
  "paymentTerm.user.hierarchy" : {
    "message" : "Uno de los usuarios no pertenece a su jerarquía."
  },
  "paymentTerm.location.hierarchy" : {
    "message" : "Uno de los locales no pertenece a su jerarquía."
  },
  "paymentTerm.customer.hierarchy" : {
    "message" : "Uno de los clientes no pertenece a su jerarquía."
  },
  "paymentTerm.location.DontBelongToAnyCustomer": {
    "message": "Local ${location} no pertenece a ningún cliente relacionado con esta condición de pago."
  },
  "order.userProfessional.changeWithItems": {
    "message": "El profesional no se puede cambiar porque el carrito ya tiene productos o servicios"
  },
  "order.creditLimit.isNegative": {
    "message" : "No es posible finalizar el pedido con límite de crédito negativo."
  },
  "order.creditLimit.becomeNegative": {
    "message" : "Límite de crédito no puede ser negativo. No es posible finalizar el pedido."
  },
  "order.paymentTerm.notFound": {
    "message": "La condición de pago no fue encontrada"
  },
  "order.paymentTerm.notFound.priceList": {
    "message": "La condición de pago no puede ser diferente de las que están vinculadas a la tabla de precio informada."
  },
  "order.currencyQuotation.notFound": {
    "message": "La fecha de cotización no fue encontrada en el registro de la moneda"
  },
  "order.company.inactive": {
    "message": "La empresa está inactiva"
  },
  "order.paymentTerm.inactive": {
    "message": "La condición de pago está inactiva"
  },
  "order.priceListWithoutPermissions": {
    "message": "Tabla de precio {0} no puede ser utilizada pues no está incluida en los criterios de permiso."
  },
  "order.paymentTerm.notMatchCriteria": {
    "message": "La condición de pago ${paymentTermDescription} no puede ser utilizada pues no está inserida en los criterios de permiso."
  },
  "order.priceListOutOfDate" : {
    "message" : "Tabla de precio {0} no puede ser utilizada pues está fuera de vigencia."
  },
  "order.creditLimit.notExists": {
    "message" : "Cliente no posee registro de límite de crédito. Entre en contacto con el administrador del sistema."
  },
  "order.creditLimit.moreThanOneCreditLimit": {
    "message": "Hay más de un límite de crédito actual."
  },
  "order.item.cannotBeUsed": {
    "message": "Tabla de precio no puede ser utilizada."
  },
  "order.item.mandatory.priceList": {
    "message": "No es posible guardar artículo de pedido sin tabla de precio."
  },
  "orderConfig.notAllowed": {
    "message": "El método informado no es permitido para ese recurso."
  },
  "orderConfig.negativeCreditValue": {
    "message": "El indicador \"Bloquear la finalización de pedido para cliente con crédito negativo\" puede estar activado solamente si el indicador \"Límite de crédito obligatorio\" está activado."
  },
  "orderConfig.negativeCreditRequired": {
    "message": "El indicador \"Límite de crédito obligatorio\" puede estar inactivado solamente si el indicador \"Bloquear la finalización de pedido para cliente con crédito negativo\" está inactivado."
  },
   "order.situationDoesNotExist": {
    "message": "Ninguna situación de pedido fue encontrada. Por favor, haga el registro o póngase en contacto con el administrador del sistema."
  },
  "javax.validation.constraints.NotNull.message": {
    "message": "Este campo es obligatorio."
  },
  "order.item.currencyPluginDisabled": {
    "message": "El parámetro de moneda está deshabilitado, habilítelo para guardar información de moneda"
  },
  "order.item.attendanceRequiredDisabled": {
    "message": "Para iniciar un pedido es necesario iniciar atención."
  },
  "order.customer.notFound": {
    "message": "El cliente no fue encontrado"
  },
  "order.paymentMethod.notFound": {
    "message": "El tipo de cobranza no fue encontrado"
  },
  "order.priceList.notFound": {
    "message": "La tabla de precios no fue encontrada"
  },
  "order.customer.inactive": {
    "message": "El cliente está inactivo"
  },
  "order.paymentMethod.inactive": {
    "message": "El tipo de cobranza está inactivo"
  },
  "order.priceList.inactive": {
    "message": "La tabla de precios está inactiva"
  },
  "order.user.inactive": {
    "message": "El usuario está inactivo"
  },
  "order.customer.changeWithItems": {
    "message": "El cliente no se puede cambiar porque el carrito ya tiene productos o servicios"
  },
  "order.location.changeWithItems": {
    "message": "El local no se puede cambiar porque el carrito ya tiene productos o servicios"
  },
  "order.company.changeWithItems": {
    "message": "La empresa no se puede cambiar porque el carrito ya tiene productos o servicios"
  },
  "order.priceList.changeWithItems": {
    "message": "La tabla de precios no se puede cambiar porque el carrito ya tiene productos o servicios"
  },
  "order.currency.change": {
    "message": "La moneda no se puede cambiar porque el carrito ya tiene productos o servicios"
  },
  "orderInstalment.numberInUse": {
    "message": "No puede haber cuotas con número repetido o fuera de secuencia."
  },
  "orderInstalment.dateInUse": {
    "message": "No puede haber cuotas con misma fecha de vencimiento."
  },
  "orderInstalment.dateLowerThanOrder": {
    "message": "Fecha de vencimiento no puede ser menor que la fecha del pedido."
  },
  "orderInstalment.dateLowerThanLastInstalment": {
    "message": "Fecha de vencimiento no puede ser menor o igual a la fecha de vencimiento de la cuota anterior."
  },
  "orderInstalment.maximumNumberOfInstalments": {
    "message": "La cantidad máxima de cuotas permitidas para la condición de pago es ${maxNumber}."
  },
  "order.already.finalized": {
    "message": "Este pedido ya está finalizado"
  },
  "order.item.saleFractionated" : {
  	"message": "Este producto no puede ser vendido fraccionado."
  },
  "orderInstalment.instalmentsValueDifferentThanOrder": {
    "message": "La suma de las cuotas debe ser igual al valor total del pedido."
  },
  "orderInstalment.instalmentsValueBiggerThanZero": {
    "message": "Valor de la cuota debe ser mayor que cero."
  },
  "order.instalment.notFound": {
    "message": "La cuota informada no fue encontrada."
  },
  "orderInstalment.dateHigherThanNextInstalment": {
    "message": "La fecha de vencimiento no puede ser mayor o igual a la fecha de vencimiento de la próxima cuota."
  },
  "orderInstalment.valueWillGenerateNegativeInstalments": {
    "message": "Valor informado genera valores negativos en las demás cuotas. Informe otro valor."
  },
  "orderInstalment.pluginDisabled": {
    "message": "El plugin cuotas está deshabilitado. Habilítelo para guardar informaciones de cuotas."
  },
  "order.order.notFound": {
    "message": "El pedido informado no fue encontrado."
  },
  "order.item.priceListItem.mustBelongsToPriceList": {
    "message": "El artículo de la tabla de precio no pertenece a la tabla de precio."
  },
  "order.finalized": {
    "message": "El pedido está finalizado y no se puede cambiar"
  },
  "order.item.increaseValue.inconsistent": {
    "message": "El valor de incremento debería ser {0}."
  },
  "order.item.increasePercentage.inconsistent": {
    "message": "El porcentaje de incremento debería ser {0}."
  },
  "fieldSizeValue": {
    "message": "El tamaño debe estar entre ${min} y ${max}."
  },
  "invalidValueField": {
    "message": "Formato del campo inválido."
  },
  "urlParameterNotFound": {
    "message": "El parámetro informado no fue encontrado."
  },
  "sales.registerNotFound": {
    "message": "Registro no encontrado."
  },
  "sales.registerInactive": {
    "message": "Registro inactivo."
  },
  "sales.registerOutOfDate": {
    "message": "Registro fuera de vigencia."
  },
  "sales.dateBeforeToday": {
    "message": "Debe ser mayor o igual a la fecha actual."
  },
  "sales.dueDate.mustBeFilled": {
    "message": "Debe cumplimentarse."
  },
  "customer.LocationDoNotBelongToCustomer": {
    "message": "El local informado no pertenece al cliente."
  },
  "order.withdrawalCompany.notFound": {
    "message": "El local de retirada informado no fue encontrado."
  },
  "order.withdrawalCompany.inactive": {
    "message": "El local de retirada informado está inactivo."
  },
  "order.operation.notFound": {
    "message": "La operación informada no fue encontrada."
  },
  "order.representative.notFound": {
    "message": "El representante informado no fue encontrado."
  },
  "order.consultant.notFound": {
    "message": "El consultor informado no fue encontrado."
  },
  "order.coordinator.notFound": {
    "message": "El coordinador informado no fue encontrado."
  },
  "order.treatment.notFound" : {
    "message" : "El tratamiento informado no fue encontrado."
  },
  "parameter.could.not.enable" : {
    "message" : "El parámetro no puede ser activado."
  },
  "parameter.could.not.disable" : {
    "message" : "El parámetro no puede ser desactivado."
  },
  "error.validating.entity" : {
    "message" : "No ha sido posible guardar. Por favor, intente nuevamente."
  },
  "delivery.order.already.has.delivery" : {
    "message" : "Ya existe una entrega registrada para este pedido."
  },
  "order.cannot.edit.because.is.external" : {
    "message" : "No se permite cambiar esta solicitud, pues el mismo tiene su origen en un ambiente externo."
  },
  "order.cannot.remove.because.is.external" : {
    "message" : "No se permite borrar este pedido, pues el mismo tiene su origen en un ambiente externo."
  },
  "order.generate.credit.limit.error" : {
    "message" : "Error al intentar actualizar límite de crédito. Contacte al soporte."
  },
  "order.does.not.have.value" : {
    "message" : "Lo pedido no tiene valor."
  },
  "validation.min.value.greater.than.or.equal.to.zero": {
    "message": "El valor informado debe ser mayor o igual que cero."
  },
  "value.should.be": {
    "message": "El valor debe ser ${value}."
  },
  "permission.already.persisted" : {
    "message" : "Ese permiso ya ha sido guardado anteriormente."
  },
  "order.validation.dueDateInactive": {
    "message": "El plugin fecha de vencimiento está deshabilitado, es necesario habilitarlo para guardar la fecha de vencimiento."
  },
  "order.validation.dueDateLowerThanNow": {
    "message": "La fecha de vencimiento no debe ser anterior al día actual."
  },
  "order.validation.dueDateBlocked": {
    "message": "La fecha de vencimiento es diferente de la fecha definida por la condición de pago. La fecha de vencimiento debe ser igual a (fecha actual + plazo medio)."
  },
  "javax.ws.rs.InvalidJSONField.message" : {
  	"code": "MSG49E",
  	"message": "Una o más propiedades están con formatos inválidos."
  },
  "permissions.order-technical-coordinators":{
  "message": "Coordinador técnico"
  },
  "permissions.order-treatments":{
  "message": "Tratamiento"
  },
  "permissions.order-technical-consultants":{
  "message": "Consultor técnico"
  },
  "permissions.situations":{
  "message": "Situación de pedido"
  },
  "permissions.payment-terms":{
  "message": "Condición de pago"
  },
  "permissions.invoice-types":{
  "message": "Tipo de factura"
  },
  "permissions.invoice-type-items":{
  "message": "Ítem del tipo de factura"
  },
  "permissions.order-representatives":{
  "message": "Representante"
  },
  "permissions.invoices":{
  "message": "Factura"
  },
  "permissions.orders":{
  "message": "Pedido"
  },
  "permissions.order-operations":{
  "message": "Operación"
  },
  "permissions.order-types":{
  "message": "Tipo de pedido"
  },
  "permissions.invoice-situations":{
  "message": "Situación de la factura"
  },
  "permissions.order-integration":{
  "message": "Integración"
  },
  "permissions.payment-methods":{
  "message": "Tipo de colección"
  },
  "permissions.order-parameters":{
  "message": "Parámetro de pedido"
  },
  "permissions.service":{
    "message": "Venta"
  },
  "permissions.deal":{
  "message": "Acuerdo"
  },
  "permissions.order-situations":{
  "message": "Situación"
  },
  "permissions.order-currencies":{
  "message": "Moneda"
  },
  "document.creation.error":{
    "message":  "Error al crear documento. Detalles: {0}"
  },
  "document.MemberWithoutEmail" : {
    "message": "El cliente informado no tiene correo electrónico."
  },
  "document.emailMessage" : {
    "message": "Pedido enviado para firma"
  },
  "document.template.error.retrieve": {
    "message": "Error al recuperar la plantilla."
  },
  "document.emailNotBelongToCustomer": {
    "message": "El correo electrónico no pertence al cliente."
  },
  "validation.email.message": {
    "message": "No es una dirección de e-mail."
  },
  "order.activity.notFound": {
    "message": "No se encontró la actividad"
  },
  "order.service.increasePercentage.inconsistent": {
    "message": "El porcentaje de incremento debería ser {0}"
  },
  "order.service.increaseValue.inconsistent": {
    "message": "El valor de incremento debería ser {0}"
  },
  "order.service.discountPercentage.inconsistent": {
    "message": "El porcentaje de descuento debería ser igual a {0}"
  },
  "order.service.discountValue.inconsistent": {
    "message": "El valor del descuento debería ser igual a {0}"
  },
  "order.service.discountAndIncreaseValues": {
    "message": "Los valores de descuento y aumento no deben ser informados en la misma transacción"
  },
  "order.service.serviceNotFound": {
    "message": "El servicio informado no fue encontrado"
  }
}
