{
  "id": "cced32b9-29d5-47df-a41c-d1af2fbc87a1",
  "name": "API",
  "values": [
    {
      "enabled": true,
      "key": "url",
      "value": "http://localhost:8083",
      "type": "text"
    },
    {
      "enabled": true,
      "key": "external_url",
      "value": "http://localhost:3000",
      "type": "text"
    },
    {
      "enabled": true,
      "key": "username",
      "value": "admin@teste.com",
      "type": "text"
    },
    {
      "enabled": true,
      "key": "password",
      "value": "123",
      "type": "text"
    },
    {
      "enabled": true,
      "key": "version",
      "value": "",
      "type": "text"
    },
    {
      "enabled": true,
      "key": "versionService",
      "value": "v1/",
      "type": "text"
    },
    {
      "enabled": true,
      "key": "versionAgricultural",
      "value": "",
      "type": "text"
    },
    {
      "enabled": true,
      "key": "language",
      "value": "pt-br",
      "type": "text"
    }
  ],
  "_postman_variable_scope": "environment",
  "_postman_exported_at": "2018-04-11T13:13:39.419Z",
  "_postman_exported_using": "Postman/6.0.10"
}
