{
  "id": "146e52f0-fd32-4814-8e58-8a3c0f4d5eb7",
  "values": [
    {
      "key": "userId",
      "value": "7636f630-2358-4cf4-a290-2ec0b13ea47c",
      "enabled": true,
      "type": "text"
    },
    {
      "key": "userName",
      "value": "Administrador",
      "enabled": true,
      "type": "text"
    },
    {
      "key": "customerName1",
      "value": "Customer q6hzawsbavz744z7d5cdi",
      "enabled": true,
      "type": "text"
    },
    {
      "key": "customerName2",
      "value": "Customer dokf3ouihkax97msra4i",
      "enabled": true,
      "type": "text"
    },
    {
      "key": "locationDescription1",
      "value": "Location 0a6quy5ab7hekzw7b9",
      "enabled": true,
      "type": "text"
    },
    {
      "key": "locationDescription2",
      "value": "Location k8s2epciurukivv8zd7vi",
      "enabled": true,
      "type": "text"
    },
    {
      "key": "customerId",
      "value": "617d8a07-2de3-4321-af21-ec1eb424bcf0",
      "enabled": true,
      "type": "text"
    },
    {
      "key": "locationId",
      "value": "e690d680-6cfc-43a1-b4b4-5643ae60ba08",
      "enabled": true,
      "type": "text"
    },
    {
      "key": "location2Id",
      "value": "f00be663-9a64-437b-b38a-56138dd724c3",
      "enabled": true,
      "type": "text"
    },
    {
      "key": "locationDescription",
      "value": "Location tlab8w5nsv03jfko6r",
      "enabled": true,
      "type": "text"
    },
    {
      "key": "customerName",
      "value": "Customer xssdcu4g9bghljoh1714i",
      "enabled": true,
      "type": "text"
    },
    {
      "key": "anotherCustomerId",
      "value": "3b1bbe8c-2d45-4238-9c41-c0619caf4fca",
      "enabled": true,
      "type": "text"
    },
    {
      "key": "anotherLocationId",
      "value": "2a54923c-1372-407a-a21d-f356efd1dcc7",
      "enabled": true,
      "type": "text"
    },
    {
      "key": "anotherlocationDescription",
      "value": "Location tlab8w5nsv03jfko6r",
      "enabled": true,
      "type": "text"
    },
    {
      "key": "companyName",
      "value": "Company vuxq3pdwqjcaulq5mi",
      "enabled": true,
      "type": "text"
    },
    {
      "key": "tradingName",
      "value": "Trading Name jo6rzch9h8kzx9r7ldi",
      "enabled": true,
      "type": "text"
    },
    {
      "key": "companyId",
      "value": "ae7d1d2b-f1f0-4ddc-bb0f-084422f129ab",
      "enabled": true,
      "type": "text"
    },
    {
      "key": "anotherCompanyId",
      "value": "40b215bf-ad0c-4b2a-94a8-c9d6675ae7d3",
      "enabled": true,
      "type": "text"
    },
    {
      "key": "profileId",
      "value": "b6890e81-140e-4cbe-9c72-483fdc49de74",
      "enabled": true,
      "type": "text"
    },
    {
      "key": "brazilDistritoId",
      "value": "9f596395-2f8f-43ec-b7ab-9345d173ca13",
      "enabled": true,
      "type": "text"
    },
    {
      "key": "brazilDistritoDescription",
      "value": "Brazil - Distrito Federal, Espirito Santo, Goias, Minas Gerais, Parana, Rio de Janeiro, Rio Grande do Sul, Santa Catarina, Sao Paulo",
      "enabled": true,
      "type": "text"
    },
    {
      "key": "newUserId",
      "value": "86f43f62-e8f0-4764-be88-277af9063f40",
      "enabled": true,
      "type": "text"
    },
    {
      "key": "anotherUserId",
      "value": "100e0d53-5ccb-4b93-8152-c35dc4d7e374",
      "enabled": true,
      "type": "text"
    },
    {
      "key": "currencyName",
      "value": "Currency pq72pn6jw480olz69a4i",
      "enabled": true,
      "type": "text"
    },
    {
      "key": "currencyAcronym",
      "value": "BRL",
      "enabled": true,
      "type": "text"
    },
    {
      "key": "currencyId",
      "value": "99fb6f0d-59e7-42f5-a3c1-3d9048f9442f",
      "enabled": true,
      "type": "text"
    },
    {
      "key": "currencyQuotationId",
      "value": "b3b4d9f2-d677-4e04-9ce0-b00748b34644",
      "enabled": true,
      "type": "text"
    },
    {
      "key": "anotherCurrencyId",
      "value": "88aeb14b-afe3-4602-a797-b6b5a8be7b8b",
      "enabled": true,
      "type": "text"
    },
    {
      "key": "anotherCurrencyQuotationId",
      "value": "dcdb3a56-dd1d-4559-80f1-846c87f5266b",
      "enabled": true,
      "type": "text"
    },
    {
      "key": "measurementUnitId",
      "value": "22d13a78-b0d8-47cc-a505-35fb69fdc84a",
      "enabled": true,
      "type": "text"
    },
    {
      "key": "kiloMeasurementUnitId",
      "value": "94b1a93f-eea2-4b53-be58-9fa0796c55ad",
      "enabled": true,
      "type": "text"
    },
    {
      "key": "inactivemeasurementUnitId",
      "value": "371d0db9-e58a-4afc-9a70-76b0a4111ca5",
      "enabled": true,
      "type": "text"
    },
    {
      "key": "prodGroupId",
      "value": "a3da1b24-6555-4e26-9606-37e849dce91d",
      "enabled": true,
      "type": "text"
    },
    {
      "key": "anotherProdGroupId",
      "value": "8c7e7a8a-ecb7-40eb-93cc-982fc058c31f",
      "enabled": true,
      "type": "text"
    },
    {
      "key": "productDescription",
      "value": "PRODUCT API IMPROVEMENTS4powv2letzpxt3dgkqpvi",
      "enabled": true,
      "type": "text"
    },
    {
      "key": "prodId",
      "value": "862c2a15-4880-4ebc-8692-324a87967983",
      "enabled": true,
      "type": "text"
    },
    {
      "key": "fractionedProdId",
      "value": "f4be8f6b-9d6f-4cb5-9eee-82442d0f8848",
      "enabled": true,
      "type": "text"
    },
    {
      "key": "packingProdId",
      "value": "59507bef-8a82-4d89-a103-aa72b7be89fb",
      "enabled": true,
      "type": "text"
    },
    {
      "key": "packagings1Id",
      "value": "83294682-87ee-4fcc-9f4e-88bacb6030db",
      "enabled": true,
      "type": "text"
    },
    {
      "key": "packagings2Id",
      "value": "b5d282d7-3f1e-4f9b-add4-c3865ebc24c4",
      "enabled": true,
      "type": "text"
    },
    {
      "key": "anotherprodId",
      "value": "a347c6a3-9198-44c8-a419-eed119791663",
      "enabled": true,
      "type": "text"
    },
    {
      "key": "minimumprodId",
      "value": "8c2cab22-d419-4533-b9db-185b85c740aa",
      "enabled": true,
      "type": "text"
    },
	{
      "key": "pricelistinstalmentId",
      "value": "cecaf909-c911-4a35-af91-b0950000e618",
      "enabled": true,
      "type": "text"
    },
	{
      "key": "priceListIteminstalment1Id",
      "value": "ff7e8a15-76ad-4ecb-ba4c-6fe8787720c8",
      "enabled": true,
      "type": "text"
    },
    {
      "key": "pricelistId",
      "value": "cecaf909-c911-4a35-af91-b0950000e617",
      "enabled": true,
      "type": "text"
    },
    {
      "key": "priceListItemId",
      "value": "ff7e8a15-76ad-4ecb-ba4c-6fe8787720cc",
      "enabled": true,
      "type": "text"
    },
    {
      "key": "fractionedPricelistId",
      "value": "945616b2-2973-4933-955d-ec890fe7f6a0",
      "enabled": true,
      "type": "text"
    },
    {
      "key": "fractionedPriceListItemId",
      "value": "1c47303e-6be0-4e8b-a9a3-b2ecf94f80d3",
      "enabled": true,
      "type": "text"
    },
    {
      "key": "minimumpricelistId",
      "value": "471b107c-503f-4f61-98e1-b47c01d6ffab",
      "enabled": true,
      "type": "text"
    },
    {
      "key": "minimumpriceListItemId",
      "value": "fe310b13-9ea4-4b5f-af1d-7ac9b06fbe7e",
      "enabled": true,
      "type": "text"
    },
    {
      "key": "anotherPricelistId",
      "value": "ee94c1b5-06b9-4099-ac9b-5805d353cdeb",
      "enabled": true,
      "type": "text"
    },
    {
      "key": "anotherPriceListItemId",
      "value": "c3a5d697-420c-4090-baac-adec4687322f",
      "enabled": true,
      "type": "text"
    },
    {
      "key": "packagingPricelistId",
      "value": "90f0ac7a-4c56-4e51-8784-f6cbe837190c",
      "enabled": true,
      "type": "text"
    },
    {
      "key": "packagingPriceListItemId",
      "value": "6ef4fc5a-b17b-47fd-a23f-31301a7d6f3d",
      "enabled": true,
      "type": "text"
    },
    {
      "key": "pricesRange1Id",
      "value": "1cf34e8c-5e7a-40e9-8767-49244ac3a550",
      "enabled": true,
      "type": "text"
    },
    {
      "key": "pricesRange2Id",
      "value": "620b6d37-f565-48e7-8b81-c4c35af383d4",
      "enabled": true,
      "type": "text"
    },
    {
      "key": "suppliersIdId",
      "value": "83d8e88e-d65d-4c88-b560-ea1aa41cbf70",
      "enabled": true,
      "type": "text"
    },
    {
      "key": "anotherSuppliersIdId",
      "value": "1374d438-f201-47af-ba66-33fd07508dc3",
      "enabled": true,
      "type": "text"
    },
    {
      "key": "manufacturersId",
      "value": "86d598ce-72e8-4a04-9992-40756beb55fe",
      "enabled": true,
      "type": "text"
    },
    {
      "key": "anotherManufacturersId",
      "value": "a4283d77-e5d9-4141-8baf-b25750711b9c",
      "enabled": true,
      "type": "text"
    },
    {
      "key": "cultureTypeId",
      "value": "25a1b556-3238-4d48-9d26-26c6bf4209a6",
      "enabled": true,
      "type": "text"
    },
    {
      "key": "cultureId",
      "value": "440f03b6-ead5-4758-b65d-31116c3fd632",
      "enabled": true,
      "type": "text"
    },
    {
      "key": "anotherCultureId",
      "value": "0d685161-fb21-4013-8c7d-59535c519fe3",
      "enabled": true,
      "type": "text"
    },
    {
      "key": "occurrenceTypeId",
      "value": "82afce96-12ae-4647-9214-bf8cc15e48fa",
      "enabled": true,
      "type": "text"
    },
    {
      "key": "occurrenceId",
      "value": "3f7132a5-8e9d-4b4d-87f3-86f33281abf3",
      "enabled": true,
      "type": "text"
    },
    {
      "key": "anotherOccurrenceId",
      "value": "9c44f479-04e7-471f-a080-5a9e249301ab",
      "enabled": true,
      "type": "text"
    },
    {
      "key": "cropYearId",
      "value": "77cca2a4-a440-417d-8622-e3b56c56a16f",
      "enabled": true,
      "type": "text"
    },
    {
      "key": "authenticationId",
      "value": "ca1d8945-76ce-483d-a1e1-cd04586ce270",
      "enabled": true,
      "type": "text"
    },
    {
      "key": "serviceTypeId",
      "value": "57ca24ee-829c-440e-96bb-07cb527a989a",
      "enabled": true,
      "type": "text"
    },
    {
      "key": "incotermsCifId",
      "value": "47b0968c-760e-4fb7-a1cf-232104359c43",
      "enabled": true,
      "type": "text"
    },
    {
      "key": "incotermsFobId",
      "value": "fd17b2fe-d425-4880-aedd-0c29fdc04731",
      "enabled": true,
      "type": "text"
    },
    {
      "key": "userHierarchiesCompanyIds",
      "value": "cb610f22-f6ca-4088-9bef-35461b021705",
      "enabled": true,
      "type": "text"
    },
    {
      "key": "userHierarchiesCompanyName",
      "value": "WS",
      "enabled": true,
      "type": "text"
    }, 
	{
      "key": "productserviceId",
      "value": "00db1907-b9e1-4792-94e7-2db1c5c23704",
      "enabled": true,
      "type": "text"
    }, 
	{
      "key": "priceListServiceId",
      "value": "73f63f9b-debd-44a8-b47a-878e50b31735",
      "enabled": true,
      "type": "text"
    }
	
	
  ],
  "name": "My Workspace Globals",
  "_postman_variable_scope": "globals",
  "_postman_exported_at": "2018-04-11T13:23:19.898Z",
  "_postman_exported_using": "Postman/6.0.10"
}
