{
    "config": {
        "target": "http://dev.backlog.wssim.com.br:82",
        "processor": "./my-functions.js",
        "phases": [
            {
                "duration": 60,
                "arrivalCount":240,
                "name": "Sales stress test - Integration"
            }
        ]
    },
    "scenarios": [
        {
            "name": "Create a new Sales order - integration",
            "flow": [
                {
                    "function": "generateRandomData"
                },
                {
                    "post": {
                        "url": "/api{{salesVersion}}/sales/order-integration",
                        "json": {
                            "draft": false,
                            "createdAt": "2019-03-19T10:28:59.596Z",
	                        "exportedAt": "2019-08-12T14:00:00.000Z",
	                        "orderedAt": "2019-08-12T14:00:00.000Z",
                            "origin": "EXT",
                            "externalNumber": "{{number}}",
                            "externalId": "{{number}}",
                            "user": {
                                "id": "{{userId}}",
                                "name": "Vendedor"
                            },
                            "userProfessional": {
                                "id": "{{userId}}",
                                "name": "Vendedor"
                            },
                            "customer": {
                                "id": "{{customerId}}",
                                "name": "AGROVENCI COMERCIO IMPORTACAO EXPORTACAO E AGROPECUARIA LTDA"
                            },
                            "location": {
                                "id": "{{locationId}}",
                                "description": "CHACARA ESTRELA - MULTIPLICADORA BORDIGNON"
                            },
                            "company": {
                                "id": "{{companyId}}",
                                "name": "Wealth Systems"
                            },
                            "orderType": {
                                "id": "{{orderTypeId}}",
                                "description": "Venda normal"
                            },
                            "priceList": {
                                "id": "{{priceListId}}",
                                "description": "Safra 2020"
                            },
                            "paymentTerm": {
                                "id": "{{pymtTermOrdertId}}",
                                "description": "A VISTA"
                            },
                            "paymentMethod": {
                                "id": "{{pymtMthdId}}",
                                "description": "Cartão de crédito"
                            },
                            "situation": {
                                "id": "{{situation}}",
                                "description": "Faturado"
                            },
                            "orderCurrency": {
                                "currency": {
                                    "id": "{{currencyId}}",
                                    "description": "Real Brasileiro"
                                },
                                "currencyQuotation": {
                                    "id": "{{exchangeratesId}}",
                                    "date": "2018-12-07",
                                    "value": "3.78"
                                }
                            },
                            "items": [
                                {
                                    "product": {
                                        "id": "{{productId}}",
                                        "description": "Batata",
                                        "code": "PROD2"
                                    },
                                    "packaging": {
                                        "id": "{{packagingId}}",
                                        "description": "Saco"
                                    },
                                    "quantity": 50,
                                    "originalPrice": 5.36,
                                    "salesPrice": 5.2528,
                                    "discountValue": 0.1072,
                                    "discountPercentage": 2,
                                    "externalId": "712",
                                    "totalItem": 262.64
                                }
                            ],
                            "services": [
                                {
                                    "recurrenceType": "WEEK",
                                    "repetitions": 2,
                                    "totalQuantity": 4,
                                    "quantity": 2,
                                    "salesPrice": 49.9,
                                    "service": {
                                        "id": "{{serviceId1}}",
                                        "description": "Treinamento 1",
                                        "code": "TRE1"
                                    },
                                    "originalPrice": 50,
                                    "totalValue": 199.6,
                                    "discount": 0.1,
                                    "discountPercentage": 0.2,
                                    "externalId": "765"
                                },
                                {
                                    "recurrenceType": "WEEK",
                                    "repetitions": 2,
                                    "totalQuantity": 2,
                                    "quantity": 1,
                                    "salesPrice": 38.1465,
                                    "service": {
                                        "id": "{{serviceId2}}",
                                        "description": "Treinamento 2",
                                        "code": "TRE2"
                                    },
                                    "originalPrice": 36.33,
                                    "totalValue": 76.293,
                                    "increaseValue": 1.8165,
                                    "increasePercentage": 5
                                }
                            ],
                            "netValue": 541.33
                        },
                        "capture": {
                            "json": "$.id",
                            "as": "id"
                        },
                        "cookie": {
                            "JSESSIONID": "954cd295-4642-46ea-a6e0-0e6147245db6"
                        }
                    }
                },
                {
                    "think": 5
                },
                {
                    "get": {
                        "url": "/api{{salesVersion}}/sales/orders/{{id}}"
                    }
                }
            ]
        }
    ]
}