{
    "config": {
        "target": "http://dev.backlog.wssim.com.br:82",
        "processor": "./my-functions.js",
        "phases": [
            {
                "duration": 60,
                "arrivalCount": 120,
                "name": "Sales stress test"
            }
        ]
    },
    "scenarios": [
        {
            "name": "Create a new Sales order",
            "flow": [
                {
                    "function": "generateRandomData"
                },
                {
                    "post": {
                        "url": "/api{{salesVersion}}/sales/orders/",
                        "json": {
                            "user": {
                                "id": "{{userId}}",
                                "name": "Vendedor"
                            },
                            "userProfessional": {
                                "id": "{{userId}}",
                                "name": "Vendedor"
                            },
                            "customer": {
                                "id": "{{customerId}}",
                                "name": "AGROVENCI COMERCIO IMPORTACAO EXPORTACAO E AGROPECUARIA LTDA"
                            },
                            "location": {
                                "id": "{{locationId}}",
                                "description": "CHACARA ESTRELA - MULTIPLICADORA BORDIGNON"
                            },
                            "company": {
                                "id": "{{companyId}}",
                                "name": "Wealth Systems"
                            },
                            "orderType": {
                                "id": "{{orderTypeId}}",
                                "description": "Venda normal"
                            },
                            "priceList": {
                                "id": "{{priceListId}}",
                                "description": "Safra 2020"
                            },
                            "paymentTerm": {
                                "id": "{{pymtTermOrdertId}}",
                                "description": "A VISTA"
                            },
                            "paymentMethod": {
                                "id": "{{pymtMthdId}}",
                                "description": "Cartão de crédito"
                            },
                            "draft": true,
                            "createdAt": "2019-03-19T10:28:59.596Z"
                        },
                        "capture": {
                            "json": "$.id",
                            "as": "id"
                        },
                        "cookie": {
                            "JSESSIONID": "954cd295-4642-46ea-a6e0-0e6147245db6"
                        }
                    }
                },
                {
                    "think": 5
                },
                {
                    "get": {
                        "url": "/api{{salesVersion}}/sales/orders/{{id}}"
                    }
                }
            ]
        }
    ]
}