{
	"variables": [],
	"info": {
		"name": "Sales - Order items quantity",
		"_postman_id": "34af92c3-31fa-cbbe-8d9f-34db33f83b74",
		"description": "",
		"schema": "https://schema.getpostman.com/json/collection/v2.0.0/collection.json"
	},
	"item": [
		{
			"name": "01 - Setup",
			"description": "",
			"item": [
				{
					"name": "Installing postmanBDD",
					"event": [
						{
							"listen": "test",
							"script": {
								"type": "text/javascript",
								"exec": [
									"// \"install\" Postman BDD\r",
									"postman.setGlobalVariable('postmanBDD', responseBody);"
								]
							}
						}
					],
					"request": {
						"url": "http://bigstickcarpet.com/postman-bdd/dist/postman-bdd.min.js",
						"method": "GET",
						"header": [],
						"body": {
							"mode": "raw",
							"raw": ""
						},
						"description": ""
					},
					"response": []
				},
				{
					"name": "Do login with default user",
					"event": [
						{
							"listen": "test",
							"script": {
								"type": "text/javascript",
								"exec": [
									"eval(globals.postmanBDD);\r",
									"\r",
									"describe('Do login with default user', function(){\r",
									"    it('should return 200 code status', function(){\r",
									"        response.should.have.status(200);\r",
									"    });\r",
									"});"
								]
							}
						}
					],
					"request": {
						"url": "{{url}}/api/v1/user/login",
						"method": "POST",
						"header": [
							{
								"key": "Content-Type",
								"value": "application/json",
								"description": ""
							}
						],
						"body": {
							"mode": "raw",
							"raw": "{\n  \"rememberMe\": false,\n  \"username\": \"{{username}}\",\n  \"password\": \"{{password}}\",\n  \"tenant\": \"{{tenant}}\"\n}"
						},
						"description": ""
					},
					"response": []
				},
				{
					"name": "Get access permissions",
					"event": [
						{
							"listen": "test",
							"script": {
								"type": "text/javascript",
								"exec": [
									"eval(globals.postmanBDD);\r",
									"\r",
									"describe('Get access permissions', function(){\r",
									"    it('should return 200 code status', function(){\r",
									"        response.should.have.status(200);\r",
									"    });\r",
									"    \r",
									"    it('response should be a json', function(){\r",
									"        response.should.be.json;\r",
									"    });\r",
									"    \r",
									"    it('The response should have access permissions', function(){\r",
									"        response.body.should.have.property('length');\r",
									"        const accessPermissions = [];\r",
									"        response.body.forEach((application) => {\r",
									"            application.should.have.property('id');\r",
									"            application.should.have.property('path');\r",
									"            application.should.have.property('description');\r",
									"            application.should.have.property('resources');\r",
									"            application.resources.should.have.property('length');\r",
									"            \r",
									"            application.resources.forEach((resource) => {\r",
									"            \r",
									"                const permission = {\r",
									"                    \"applicationId\": application.id,\r",
									"                    \"descriptionApplication\": application.description,\r",
									"                    \"pathApplication\": application.path,\r",
									"                    \"view\":true,\r",
									"                    \"createEdit\":true,\r",
									"                    \"delete\":true\r",
									"                };\r",
									"            \r",
									"                resource.should.have.property('id');\r",
									"                resource.should.have.property('description');\r",
									"                resource.should.have.property('path');\r",
									"                \r",
									"                permission.resourceId = resource.id;\r",
									"                permission.descriptionResource = resource.description;\r",
									"                permission.pathResource = resource.path;\r",
									"            \r",
									"                accessPermissions.push(JSON.stringify(permission));\r",
									"            });\r",
									"            \r",
									"        });\r",
									"        console.log(accessPermissions[0]);\r",
									"        console.log(accessPermissions);\r",
									"        postman.setGlobalVariable('accessPermissions', accessPermissions);\r",
									"    });\r",
									"});"
								]
							}
						}
					],
					"request": {
						"url": "{{url}}/asgard/api/v1/cloud-management/applications/tenant/{{tenant}}",
						"method": "GET",
						"header": [],
						"body": {
							"mode": "raw",
							"raw": "{\r\n  \"rememberMe\": false,\r\n  \"username\": \"{{username}}\",\r\n  \"password\": \"{{password}}\",\r\n  \"tenant\": \"{{otherTenant}}\"\r\n}"
						},
						"description": ""
					},
					"response": []
				},
				{
					"name": "Create new access profile",
					"event": [
						{
							"listen": "test",
							"script": {
								"type": "text/javascript",
								"exec": [
									"eval(globals.postmanBDD);",
									"",
									"describe('Create new access profile', function(){",
									"    it('should return 201 code status', function(){",
									"        response.should.have.status(201);",
									"    });",
									"    ",
									"    it('response should be a json', function(){",
									"        response.should.be.json;",
									"    });",
									"    ",
									"    it('response should have an id of acess profile', function(){",
									"        response.body.should.have.property('id');",
									"        postman.setGlobalVariable(\"profileId\", response.body.id);",
									"    });",
									"});"
								]
							}
						}
					],
					"request": {
						"url": "{{url}}/api/v1/user/profiles",
						"method": "POST",
						"header": [
							{
								"key": "Content-Type",
								"value": "application/json",
								"description": ""
							}
						],
						"body": {
							"mode": "raw",
							"raw": "{\r\n\t\"active\": true,\r\n\t\"description\": \"Gerente\",\r\n\t\"standard\": false,\r\n\t\"profileResourceConfiguration\": [{{accessPermissions}}]\r\n}"
						},
						"description": ""
					},
					"response": []
				},
				{
					"name": "Create new company",
					"event": [
						{
							"listen": "test",
							"script": {
								"type": "text/javascript",
								"exec": [
									"eval(globals.postmanBDD);",
									"",
									"describe('Create new company', function(){",
									"    it('should return 201 code status', function(){",
									"        response.should.have.status(201);",
									"    });",
									"    ",
									"    it('response should be a json', function(){",
									"        response.should.be.json;",
									"    });",
									"    ",
									"    it('response should have an id of company', function(){",
									"        response.body.should.have.property('id');",
									"        postman.setGlobalVariable(\"companyId\", response.body.id);",
									"    });",
									"});",
									""
								]
							}
						}
					],
					"request": {
						"url": "{{url}}/api/v1/administration/companies",
						"method": "POST",
						"header": [
							{
								"key": "Content-Type",
								"value": "application/json",
								"description": ""
							}
						],
						"body": {
							"mode": "raw",
							"raw": "{\n  \"tradingName\":\"Company {{$timestamp}}\",\n  \"name\":\"Company {{$timestamp}}\",\n  \"active\":true,\n  \"headOffice\":false,\n  \"slogan\":\"\",\n  \"companyIdentificationDocuments\":[]\n}"
						},
						"description": ""
					},
					"response": []
				},
				{
					"name": "Get company created",
					"event": [
						{
							"listen": "test",
							"script": {
								"type": "text/javascript",
								"exec": [
									"eval(globals.postmanBDD);",
									"",
									"describe('Get company created', function(){",
									"    it('should return 200 code status', function(){",
									"        response.should.have.status(200);",
									"    });",
									"    ",
									"    it('response should be a json', function(){",
									"        response.should.be.json;",
									"    });",
									"    ",
									"    it('response should have an name', function(){",
									"        response.body.should.have.property('name');",
									"        postman.setGlobalVariable(\"companyName\", response.body.name);",
									"    });",
									"});",
									"",
									""
								]
							}
						}
					],
					"request": {
						"url": "{{url}}/api/v1/administration/companies/{{companyId}}",
						"method": "GET",
						"header": [],
						"body": {
							"mode": "raw",
							"raw": ""
						},
						"description": ""
					},
					"response": []
				},
				{
					"name": "Create new user",
					"event": [
						{
							"listen": "test",
							"script": {
								"type": "text/javascript",
								"exec": [
									"eval(globals.postmanBDD);",
									"",
									"describe('Create new user', function(){",
									"    it('should return 201 code status', function(){",
									"        response.should.have.status(201);",
									"    });",
									"    ",
									"    it('response should be a json', function(){",
									"        response.should.be.json;",
									"    });",
									"    ",
									"    it('response should have an id of user', function(){",
									"        response.body.should.have.property('id');",
									"        postman.setGlobalVariable(\"userId\", response.body.id);",
									"    });",
									"});"
								]
							}
						}
					],
					"request": {
						"url": "{{url}}/api/v1/user/users",
						"method": "POST",
						"header": [
							{
								"key": "Content-Type",
								"value": "application/json",
								"description": ""
							}
						],
						"body": {
							"mode": "raw",
							"raw": "{\n  \"name\":\"User 1 - {{$timestamp}}\",\n  \"username\":\"{{$timestamp}}@wssim.com.br\",\n  \"password\":\"123\",\n  \"companyId\":\"{{companyId}}\",\n  \"companyName\":\"{{companyName}}\",\n  \"active\":true,\n  \"passwordBlocked\":false,\n  \"administrator\":false,\n  \"profile\":{\n    \"id\":\"{{profileId}}\"\n  },\n  \"loginTentatives\":0,\n  \"validLicense\":true\n}"
						},
						"description": ""
					},
					"response": []
				},
				{
					"name": "Get user created",
					"event": [
						{
							"listen": "test",
							"script": {
								"type": "text/javascript",
								"exec": [
									"eval(globals.postmanBDD);",
									"",
									"describe('Get user created', function(){",
									"    it('should return 200 code status', function(){",
									"        response.should.have.status(200);",
									"    });",
									"    ",
									"    it('response should be a json', function(){",
									"        response.should.be.json;",
									"    });",
									"    ",
									"    it('response should have an username', function(){",
									"        response.body.should.have.property('username');",
									"        postman.setGlobalVariable(\"userUsername\", response.body.username);",
									"    });",
									"});",
									"",
									""
								]
							}
						}
					],
					"request": {
						"url": "{{url}}/api/v1/user/users/{{userId}}",
						"method": "GET",
						"header": [],
						"body": {},
						"description": ""
					},
					"response": []
				},
				{
					"name": "Create new customer",
					"event": [
						{
							"listen": "test",
							"script": {
								"type": "text/javascript",
								"exec": [
									"eval(globals.postmanBDD);",
									"",
									"describe('Create new customer', function(){",
									"    it('should return 201 code status', function(){",
									"        response.should.have.status(201);",
									"    });",
									"    ",
									"    it('response should be a json', function(){",
									"        response.should.be.json;",
									"    });",
									"    ",
									"    it('response should have an id of customer', function(){",
									"        response.body.should.have.property('id');",
									"        postman.setGlobalVariable(\"customerId\", response.body.id);",
									"    });",
									"});"
								]
							}
						}
					],
					"request": {
						"url": "{{url}}/api/v1/customer/customers",
						"method": "POST",
						"header": [
							{
								"key": "Content-Type",
								"value": "application/json",
								"description": ""
							}
						],
						"body": {
							"mode": "raw",
							"raw": "{\r\n  \"active\" : true,\r\n  \"name\" : \"Cliente {{$timestamp}}\",\r\n  \"locations\" : [ {\r\n    \"active\" : true,\r\n    \"headquarter\" : false,\r\n    \"description\" : \"Location {{$timestamp}}\",\r\n    \"standard\" : false\r\n  } ]\r\n}"
						},
						"description": ""
					},
					"response": []
				},
				{
					"name": "Get customer",
					"event": [
						{
							"listen": "test",
							"script": {
								"type": "text/javascript",
								"exec": [
									"eval(globals.postmanBDD);",
									"",
									"describe('Get customer', function(){",
									"   it('should return 200 code status', function(){",
									"        response.should.have.status(200);",
									"    });",
									"    ",
									"    it('response should be a json', function(){",
									"        response.should.be.json;",
									"    });",
									"    ",
									"    it('response should have Customer 2', function(){",
									"        response.body.should.have.property('id');",
									"        response.body.should.have.property('name');",
									"        response.body.should.have.property('locations');",
									"        response.body.locations.should.have.property('length');",
									"        response.body.locations.length.should.eql(1);",
									"        ",
									"        postman.setGlobalVariable(\"customerName\", response.body.name);",
									"        response.body.locations.forEach(location => {",
									"            location.should.have.property('id');",
									"            location.should.have.property('description');",
									"            postman.setGlobalVariable(\"locationId\", location.id);",
									"            postman.setGlobalVariable(\"locationDescription\", location.description);",
									"        });",
									"    });",
									"});",
									""
								]
							}
						}
					],
					"request": {
						"url": "{{url}}/api/v1/customer/customers/{{customerId}}",
						"method": "GET",
						"header": [],
						"body": {
							"mode": "raw",
							"raw": ""
						},
						"description": ""
					},
					"response": []
				},
				{
					"name": "Create new payment terms",
					"event": [
						{
							"listen": "test",
							"script": {
								"type": "text/javascript",
								"exec": [
									"eval(globals.postmanBDD);",
									"",
									"describe('Create new payment terms', function(){",
									"    it('should return 201 code status', function(){",
									"        response.should.have.status(201);",
									"    });",
									"    ",
									"    it('response should be a json', function(){",
									"        response.should.be.json;",
									"    });",
									"    ",
									"    it('response should have an id of payment terms', function(){",
									"        response.body.should.have.property('id');",
									"        postman.setGlobalVariable(\"paymentTermId\", response.body.id);",
									"    });",
									"});"
								]
							}
						}
					],
					"request": {
						"url": "{{url}}/api/v1/sales/payment-terms",
						"method": "POST",
						"header": [
							{
								"key": "Content-Type",
								"value": "application/json",
								"description": ""
							}
						],
						"body": {
							"mode": "raw",
							"raw": "{\n\t\"active\":true,\n\t\"standard\":false,\n\t\"availableFirstOrder\":false,\n\t\"description\":\"nova condição de pagamento {{$timestamp}}\"\n}"
						},
						"description": ""
					},
					"response": []
				},
				{
					"name": "Create new payment method",
					"event": [
						{
							"listen": "test",
							"script": {
								"type": "text/javascript",
								"exec": [
									"eval(globals.postmanBDD);",
									"",
									"describe('Create new payment method', function(){",
									"    it('should return 201 code status', function(){",
									"        response.should.have.status(201);",
									"    });",
									"    ",
									"    it('response should be a json', function(){",
									"        response.should.be.json;",
									"    });",
									"    ",
									"    it('response should have an id of payment methods', function(){",
									"        response.body.should.have.property('id');",
									"        postman.setGlobalVariable(\"paymentMethodId\", response.body.id);",
									"    });",
									"});"
								]
							}
						}
					],
					"request": {
						"url": "{{url}}/api/v1/sales/payment-methods",
						"method": "POST",
						"header": [
							{
								"key": "Content-Type",
								"value": "application/json",
								"description": ""
							}
						],
						"body": {
							"mode": "raw",
							"raw": "{\r\n\t\"active\": true,\r\n\t\"standard\": false,\r\n\t\"availableFirstOrder\": false,\r\n\t\"description\": \"Novo tipo de cobrança {{$timestamp}}\"\r\n}"
						},
						"description": ""
					},
					"response": []
				},
				{
					"name": "Get measurement unit",
					"event": [
						{
							"listen": "test",
							"script": {
								"type": "text/javascript",
								"exec": [
									"eval(globals.postmanBDD);",
									"",
									"const responseSchema = {",
									"    type: 'object',",
									"    required: ['items', 'count', 'page', 'pageSize'],",
									"    properties: {",
									"        items: {",
									"            type: 'array',",
									"            items: {",
									"                type: 'object',",
									"                required: ['id', 'description', 'standard'],",
									"                properties: {",
									"                    id: {",
									"                        type: 'string',",
									"                        minimum: 36,",
									"                        maximum: 36",
									"                    },",
									"                    description: {",
									"                        type: 'string'",
									"                    },",
									"                    acronym: {",
									"                        type: 'string'",
									"                    },",
									"                    standard: {",
									"                        type: 'boolean'",
									"                    }",
									"                },",
									"                additionalProperties: false",
									"            }",
									"        },",
									"        count: {",
									"            type: 'integer'",
									"        },",
									"        page: {",
									"            type: 'integer'",
									"        },",
									"        pageSize: {",
									"            type: 'integer'",
									"        }",
									"    },",
									"    additionalProperties: false",
									"}",
									"",
									"describe('Get measurement unit', function(){",
									"    it('should return 200 code status', function(){",
									"        response.should.have.status(200);",
									"    });",
									"    ",
									"    it('response should be a json', function(){",
									"        response.should.be.json;",
									"    });",
									"    ",
									"    it('response should be response equal defined schema', function(){",
									"        response.body.should.be.schema(responseSchema);",
									"    });",
									"    ",
									"    it('The response should have at least one item', function(){",
									"        let exist = false;",
									"        response.body.items.forEach((item) => {",
									"            if (item.standard) {",
									"                exist = true;",
									"                postman.setGlobalVariable('measurementUnitId', item.id);",
									"                postman.setGlobalVariable('measurementUnitDescription', item.description);",
									"                postman.setGlobalVariable('measurementUnitAcronym', item.acronym);",
									"            }",
									"        });",
									"        exist.should.eql(true);",
									"    });",
									"});"
								]
							}
						}
					],
					"request": {
						"url": {
							"raw": "{{url}}/api/v1/administration/measurement-units?select=description,acronym,standard",
							"host": [
								"{{url}}"
							],
							"path": [
								"api",
								"v1",
								"administration",
								"measurement-units"
							],
							"query": [
								{
									"key": "select",
									"value": "description,acronym,standard",
									"equals": true,
									"description": ""
								}
							],
							"variable": []
						},
						"method": "GET",
						"header": [],
						"body": {},
						"description": ""
					},
					"response": []
				},
				{
					"name": "Create new currency",
					"event": [
						{
							"listen": "test",
							"script": {
								"type": "text/javascript",
								"exec": [
									"eval(globals.postmanBDD);",
									"",
									"describe('Create new currency', function(){",
									"    it('should return 201 code status', function(){",
									"        response.should.have.status(201);",
									"    });",
									"    ",
									"    it('response should be a json', function(){",
									"        response.should.be.json;",
									"    });",
									"    ",
									"    it('response should have an id of currency', function(){",
									"        response.body.should.have.property('id');",
									"        postman.setGlobalVariable(\"currencyId\", response.body.id);",
									"    });",
									"});"
								]
							}
						}
					],
					"request": {
						"url": "{{url}}/api/v1/administration/currencies",
						"method": "POST",
						"header": [
							{
								"key": "Content-Type",
								"value": "application/json",
								"description": ""
							}
						],
						"body": {
							"mode": "raw",
							"raw": "{\n\t\"active\":true,\n\t\"description\":\"currency{{$timestamp}}\"\n}"
						},
						"description": ""
					},
					"response": []
				},
				{
					"name": "Get currency",
					"event": [
						{
							"listen": "test",
							"script": {
								"type": "text/javascript",
								"exec": [
									"eval(globals.postmanBDD);",
									"",
									"describe('Get currency', function(){",
									"    it('should return 200 code status', function(){",
									"        response.should.have.status(200);",
									"    });",
									"    ",
									"    it('response should be a json', function(){",
									"        response.should.be.json;",
									"    });",
									"    ",
									"    it('response should have an description', function(){",
									"        response.body.should.have.property('description');",
									"        postman.setGlobalVariable(\"currencyDescription\", response.body.description);",
									"    });",
									"});"
								]
							}
						}
					],
					"request": {
						"url": "{{url}}/api/v1/administration/currencies/{{currencyId}}",
						"method": "GET",
						"header": [],
						"body": {},
						"description": ""
					},
					"response": []
				},
				{
					"name": "Create product one",
					"event": [
						{
							"listen": "test",
							"script": {
								"type": "text/javascript",
								"exec": [
									"eval(globals.postmanBDD);",
									"",
									"describe('Create product one', function(){",
									"    it('should return 201 code status', function(){",
									"        response.should.have.status(201);",
									"    });",
									"    ",
									"    it('response should be a json', function(){",
									"        response.should.be.json;",
									"    });",
									"    ",
									"    it('response should have an id of product', function(){",
									"        response.body.should.have.property('id');",
									"        postman.setGlobalVariable(\"productOneId\", response.body.id);",
									"    });",
									"});"
								]
							}
						}
					],
					"request": {
						"url": "{{url}}/api/v1/product/products",
						"method": "POST",
						"header": [
							{
								"key": "Content-Type",
								"value": "application/json",
								"description": ""
							}
						],
						"body": {
							"mode": "raw",
							"raw": "{\r\n\t\"active\": true,\r\n\t\"description\": \"Novo Trigo {{$timestamp}}\",\r\n\t\"saleAvailable\": true,\r\n\t\"measurementUnitId\": \"{{measurementUnitId}}\",\r\n\t\"measurementUnitDescription\": \"{{measurementUnitDescription}}\",\r\n\t\"measurementUnitAcronym\": \"{{measurementUnitAcronym}}\",\r\n\t\"saleFractioned\": false,\r\n\t\"inventories\": [{\r\n\t\t\"companyId\": \"{{companyId}}\",\r\n\t\t\"quantity\": 1000\r\n\t}],\r\n\t\"packagings\": [{\r\n\t\t\"packagingDescription\": \"Saca\",\r\n\t\t\"conversionFactor\": 50,\r\n\t\t\"standard\": true\r\n\t}],\r\n\t\"permissions\": [{\r\n\t\t\"entity\": \"User\",\r\n\t\t\"permissions\": [],\r\n\t\t\"selectAll\": true\r\n\t}, {\r\n\t\t\"entity\": \"Company\",\r\n\t\t\"permissions\": [],\r\n\t\t\"selectAll\": true\r\n\t}]\r\n}"
						},
						"description": ""
					},
					"response": []
				},
				{
					"name": "Get product one",
					"event": [
						{
							"listen": "test",
							"script": {
								"type": "text/javascript",
								"exec": [
									"eval(globals.postmanBDD);",
									"",
									"describe('Get product one', function(){",
									"    it('should return 200 code status', function(){",
									"        response.should.have.status(200);",
									"    });",
									"    ",
									"    it('response should be a json', function(){",
									"        response.should.be.json;",
									"    });",
									"    ",
									"    it('response should have an description', function(){",
									"        response.body.should.have.property('description');",
									"        postman.setGlobalVariable(\"productOneDescription\", response.body.description);",
									"    });",
									"});"
								]
							}
						}
					],
					"request": {
						"url": "{{url}}/api/v1/product/products/{{productOneId}}",
						"method": "GET",
						"header": [],
						"body": {},
						"description": ""
					},
					"response": []
				},
				{
					"name": "Create product two",
					"event": [
						{
							"listen": "test",
							"script": {
								"type": "text/javascript",
								"exec": [
									"eval(globals.postmanBDD);",
									"",
									"describe('Create product two', function(){",
									"    it('should return 201 code status', function(){",
									"        response.should.have.status(201);",
									"    });",
									"    ",
									"    it('response should be a json', function(){",
									"        response.should.be.json;",
									"    });",
									"    ",
									"    it('response should have an id of product', function(){",
									"        response.body.should.have.property('id');",
									"        postman.setGlobalVariable(\"productTwoId\", response.body.id);",
									"    });",
									"});"
								]
							}
						}
					],
					"request": {
						"url": "{{url}}/api/v1/product/products",
						"method": "POST",
						"header": [
							{
								"key": "Content-Type",
								"value": "application/json",
								"description": ""
							}
						],
						"body": {
							"mode": "raw",
							"raw": "{\r\n\t\"active\": true,\r\n\t\"description\": \"Novo milho {{$timestamp}}\",\r\n\t\"saleAvailable\": true,\r\n\t\"measurementUnitId\": \"{{measurementUnitId}}\",\r\n\t\"measurementUnitDescription\": \"{{measurementUnitDescription}}\",\r\n\t\"measurementUnitAcronym\": \"{{measurementUnitAcronym}}\",\r\n\t\"saleFractioned\": false,\r\n\t\"inventories\": [{\r\n\t\t\"companyId\": \"{{companyId}}\",\r\n\t\t\"quantity\": 1000\r\n\t}],\r\n\t\"packagings\": [{\r\n\t\t\"packagingDescription\": \"Saca\",\r\n\t\t\"conversionFactor\": 50,\r\n\t\t\"standard\": true\r\n\t}],\r\n\t\"permissions\": [{\r\n\t\t\"entity\": \"User\",\r\n\t\t\"permissions\": [],\r\n\t\t\"selectAll\": true\r\n\t}, {\r\n\t\t\"entity\": \"Company\",\r\n\t\t\"permissions\": [],\r\n\t\t\"selectAll\": true\r\n\t}]\r\n}"
						},
						"description": ""
					},
					"response": []
				},
				{
					"name": "Get product Two",
					"event": [
						{
							"listen": "test",
							"script": {
								"type": "text/javascript",
								"exec": [
									"eval(globals.postmanBDD);",
									"",
									"describe('Get product two', function(){",
									"    it('should return 200 code status', function(){",
									"        response.should.have.status(200);",
									"    });",
									"    ",
									"    it('response should be a json', function(){",
									"        response.should.be.json;",
									"    });",
									"    ",
									"    it('response should have an description', function(){",
									"        response.body.should.have.property('description');",
									"        postman.setGlobalVariable(\"productTwoDescription\", response.body.description);",
									"    });",
									"});"
								]
							}
						}
					],
					"request": {
						"url": "{{url}}/api/v1/product/products/{{productTwoId}}",
						"method": "GET",
						"header": [],
						"body": {},
						"description": ""
					},
					"response": []
				},
				{
					"name": "Create new price list",
					"event": [
						{
							"listen": "test",
							"script": {
								"type": "text/javascript",
								"exec": [
									"eval(globals.postmanBDD);",
									"",
									"describe('Create new price list', function(){",
									"    it('should return 201 code status', function(){",
									"        response.should.have.status(201);",
									"    });",
									"    ",
									"    it('response should be a json', function(){",
									"        response.should.be.json;",
									"    });",
									"    ",
									"    it('response should have an id of price list', function(){",
									"        response.body.should.have.property('id');",
									"        postman.setGlobalVariable(\"priceListId\", response.body.id);",
									"    });",
									"});"
								]
							}
						}
					],
					"request": {
						"url": "{{url}}/api/v1/product/price-lists/",
						"method": "POST",
						"header": [
							{
								"key": "Content-Type",
								"value": "application/json",
								"description": ""
							}
						],
						"body": {
							"mode": "raw",
							"raw": "{\r\n\t\"active\": true,\r\n\t\"description\": \"Tabela de preço {{$timestamp}}\",\r\n\t\"items\": [{\r\n\t\t\"product\": {\r\n\t\t\t\"id\": \"{{productOneId}}\"\r\n\t\t},\r\n\t\t\"salesPrice\": 5,\r\n\t\t\"minimumPrice\": 0,\r\n\t\t\"maximumPrice\": 0\r\n\t},{\r\n\t\t\"product\": {\r\n\t\t\t\"id\": \"{{productTwoId}}\"\r\n\t\t},\r\n\t\t\"salesPrice\": 5,\r\n\t\t\"minimumPrice\": 0,\r\n\t\t\"maximumPrice\": 0\r\n\t}],\r\n\t\"paymentTerms\": [\"{{paymentTermId}}\"],\r\n\t\"paymentMethods\": [\"{{paymentMethodId}}\"],\r\n\t\"permissions\": [{\r\n\t\t\"entity\": \"Customer\",\r\n\t\t\"permissions\": [],\r\n\t\t\"selectAll\": true\r\n\t}, {\r\n\t\t\"entity\": \"User\",\r\n\t\t\"permissions\": [],\r\n\t\t\"selectAll\": true\r\n\t}, {\r\n\t\t\"entity\": \"Company\",\r\n\t\t\"permissions\": [],\r\n\t\t\"selectAll\": true\r\n\t}],\r\n\t\"currencyId\": \"{{currencyId}}\",\r\n\t\"currencyDescription\": \"{{currencyDescription}}\",\r\n\t\"currencyAcronym\": \"-\"\r\n}"
						},
						"description": ""
					},
					"response": []
				},
				{
					"name": "Get price list",
					"event": [
						{
							"listen": "test",
							"script": {
								"type": "text/javascript",
								"exec": [
									"eval(globals.postmanBDD);",
									"",
									"describe('Get price list', function(){",
									"    it('should return 200 code status', function(){",
									"        response.should.have.status(200);",
									"    });",
									"    ",
									"    it('response should be a json', function(){",
									"        response.should.be.json;",
									"    });",
									"    ",
									"    it('response should have an description', function(){",
									"        response.body.should.have.property('description');",
									"        postman.setGlobalVariable(\"priceListDescription\", response.body.description);",
									"    });",
									"});"
								]
							}
						}
					],
					"request": {
						"url": "{{url}}/api/v1/product/price-lists/{{priceListId}}",
						"method": "GET",
						"header": [
							{
								"key": "Content-Type",
								"value": "application/json",
								"description": ""
							}
						],
						"body": {
							"mode": "raw",
							"raw": ""
						},
						"description": ""
					},
					"response": []
				}
			]
		},
		{
			"name": "02 - Order items quantity",
			"description": "",
			"item": [
				{
					"name": "Create new order",
					"event": [
						{
							"listen": "test",
							"script": {
								"type": "text/javascript",
								"exec": [
									"eval(globals.postmanBDD);",
									"",
									"describe('Create new order', function(){",
									"    it('should return 201 code status', function(){",
									"        response.should.have.status(201);",
									"    });",
									"    ",
									"    it('response should be a json', function(){",
									"        response.should.be.json;",
									"    });",
									"    ",
									"    it('response should have an id of order', function(){",
									"        response.body.should.have.property('id');",
									"        postman.setGlobalVariable(\"orderId\", response.body.id);",
									"    });",
									"});"
								]
							}
						}
					],
					"request": {
						"url": "{{url}}/api/v1/sales/orders",
						"method": "POST",
						"header": [
							{
								"key": "Accept",
								"value": "application/json",
								"description": ""
							},
							{
								"key": "Content-Type",
								"value": "application/json",
								"description": ""
							}
						],
						"body": {
							"mode": "raw",
							"raw": "{\r\n\t\"orderedAt\": \"2017-07-06T18:32:32.237Z\",\r\n\t\"items\": [{\r\n\t\t\"productId\": \"{{productOneId}}\",\r\n\t\t\"productDescription\": \"{{productOneDescription}}\",\r\n\t\t\"grossValue\": 5,\r\n\t\t\"netValue\": 5,\r\n\t\t\"quantity\": 1,\r\n\t\t\"minimumPrice\": 0,\r\n\t\t\"maximumPrice\": 0,\r\n\t\t\"totalItem\": 0,\r\n\t\t\"discount\": 0,\r\n\t\t\"productCode\": \"1258964\"\r\n\t}],\r\n\t\"draft\": true,\r\n\t\"currency\": \"BRL\",\r\n\t\"customerId\": \"{{customerId}}\",\r\n\t\"customerName\": \"{{customerName}}\",\r\n\t\"locationId\": \"{{locationId}}\",\r\n\t\"locationDescription\": \"{{locationDescription}}\",\r\n\t\"userId\": \"{{userId}}\",\r\n\t\"userName\": \"{{userUsername}}\",\r\n\t\"companyId\": \"{{companyId}}\",\r\n\t\"companyName\": \"{{companyName}}\",\r\n\t\"priceListId\": \"{{priceListId}}\",\r\n\t\"priceListDescription\": \"{{priceListDescription}}\",\r\n\t\"grossValue\": 5,\r\n\t\"netValue\": 5,\r\n\t\"quantity\": 1\r\n}"
						},
						"description": ""
					},
					"response": []
				},
				{
					"name": "Get first order created",
					"event": [
						{
							"listen": "test",
							"script": {
								"type": "text/javascript",
								"exec": [
									"eval(globals.postmanBDD);",
									"",
									"describe('Get first order created',function(){",
									"    it('should return 200 code status', function(){",
									"        response.should.have.status(200);",
									"    });",
									"    ",
									"    it('response should be a json', function(){",
									"        response.should.be.json;",
									"    });",
									"    ",
									"    it('response should have order number', function(){",
									"        response.body.should.have.property('orderNumber');",
									"        postman.setGlobalVariable('orderNumber', response.body.orderNumber);",
									"    });",
									"    ",
									"    it('response should have items with one item', function(){",
									"        response.body.should.have.property('items');",
									"        response.body.items.should.have.property('length');",
									"        response.body.items.length.should.be.eql(1);",
									"    });",
									"    ",
									"    it('response should have items quantity with same items length', function(){",
									"        response.body.should.have.property('itemsQuantity');",
									"        response.body.itemsQuantity.should.be.eql(1);",
									"    });",
									"});"
								]
							}
						}
					],
					"request": {
						"url": "{{url}}/api/v1/sales/orders/{{orderId}}",
						"method": "GET",
						"header": [
							{
								"key": "Accept",
								"value": "application/json",
								"description": ""
							}
						],
						"body": {},
						"description": ""
					},
					"response": []
				},
				{
					"name": "Update order add product",
					"event": [
						{
							"listen": "test",
							"script": {
								"type": "text/javascript",
								"exec": [
									"eval(globals.postmanBDD);",
									"",
									"describe('Update order add product', function(){",
									"    it('should return 200 code status', function(){",
									"        response.should.have.status(200);",
									"    });",
									"});"
								]
							}
						}
					],
					"request": {
						"url": "{{url}}/api/v1/sales/orders/{{orderId}}",
						"method": "PUT",
						"header": [
							{
								"key": "Content-Type",
								"value": "application/json",
								"description": ""
							}
						],
						"body": {
							"mode": "raw",
							"raw": "{\r\n\t\"orderedAt\": \"2017-07-06T18:32:32.237Z\",\r\n\t\"items\": [{\r\n\t\t\"productId\": \"{{productOneId}}\",\r\n\t\t\"productDescription\": \"{{productOneDescription}}\",\r\n\t\t\"grossValue\": 5,\r\n\t\t\"netValue\": 5,\r\n\t\t\"quantity\": 1,\r\n\t\t\"minimumPrice\": 0,\r\n\t\t\"maximumPrice\": 0,\r\n\t\t\"totalItem\": 0,\r\n\t\t\"discount\": 0,\r\n\t\t\"productCode\": \"1258964\"\r\n\t},{\r\n\t\t\"productId\": \"{{productTwoId}}\",\r\n\t\t\"productDescription\": \"{{productTwoDescription}}\",\r\n\t\t\"grossValue\": 5,\r\n\t\t\"netValue\": 5,\r\n\t\t\"quantity\": 1,\r\n\t\t\"minimumPrice\": 0,\r\n\t\t\"maximumPrice\": 0,\r\n\t\t\"totalItem\": 0,\r\n\t\t\"discount\": 0,\r\n\t\t\"productCode\": \"1258965\"\r\n\t}],\r\n\t\"orderNumber\": \"{{orderNumber}}\",\r\n\t\"draft\": true,\r\n\t\"currency\": \"BRL\",\r\n\t\"customerId\": \"{{customerId}}\",\r\n\t\"customerName\": \"{{customerName}}\",\r\n\t\"locationId\": \"{{locationId}}\",\r\n\t\"locationDescription\": \"{{locationDescription}}\",\r\n\t\"userId\": \"{{userId}}\",\r\n\t\"userName\": \"{{userUsername}}\",\r\n\t\"companyId\": \"{{companyId}}\",\r\n\t\"companyName\": \"{{companyName}}\",\r\n\t\"priceListId\": \"{{priceListId}}\",\r\n\t\"priceListDescription\": \"{{priceListDescription}}\",\r\n\t\"grossValue\": 10,\r\n\t\"netValue\": 10,\r\n\t\"quantity\": 2\r\n}"
						},
						"description": ""
					},
					"response": []
				},
				{
					"name": "Get order updated",
					"event": [
						{
							"listen": "test",
							"script": {
								"type": "text/javascript",
								"exec": [
									"eval(globals.postmanBDD);",
									"",
									"describe('Get order updated',function(){",
									"    it('should return 200 code status', function(){",
									"        response.should.have.status(200);",
									"    });",
									"    ",
									"    it('response should be a json', function(){",
									"        response.should.be.json;",
									"    });",
									"    ",
									"    it('response should have items with two item', function(){",
									"        response.body.should.have.property('items');",
									"        response.body.items.should.have.property('length');",
									"        response.body.items.length.should.be.eql(2);",
									"    });",
									"    ",
									"    it('response should have items quantity with same items length', function(){",
									"        response.body.should.have.property('itemsQuantity');",
									"        response.body.itemsQuantity.should.be.eql(2);",
									"    });",
									"});"
								]
							}
						}
					],
					"request": {
						"url": "{{url}}/api/v1/sales/orders/{{orderId}}",
						"method": "GET",
						"header": [
							{
								"key": "Accept",
								"value": "application/json",
								"description": ""
							}
						],
						"body": {},
						"description": ""
					},
					"response": []
				},
				{
					"name": "Update order remove product",
					"event": [
						{
							"listen": "test",
							"script": {
								"type": "text/javascript",
								"exec": [
									"eval(globals.postmanBDD);",
									"",
									"describe('Update order remove product', function(){",
									"    it('should return 200 code status', function(){",
									"        response.should.have.status(200);",
									"    });",
									"});"
								]
							}
						}
					],
					"request": {
						"url": "{{url}}/api/v1/sales/orders/{{orderId}}",
						"method": "PUT",
						"header": [
							{
								"key": "Accept",
								"value": "application/json",
								"description": ""
							},
							{
								"key": "Content-Type",
								"value": "application/json",
								"description": ""
							}
						],
						"body": {
							"mode": "raw",
							"raw": "{\r\n\t\"orderedAt\": \"2017-07-06T18:32:32.237Z\",\r\n\t\"items\": [{\r\n\t\t\"productId\": \"{{productTwoId}}\",\r\n\t\t\"productDescription\": \"{{productTwoDescription}}\",\r\n\t\t\"grossValue\": 5,\r\n\t\t\"netValue\": 5,\r\n\t\t\"quantity\": 1,\r\n\t\t\"minimumPrice\": 0,\r\n\t\t\"maximumPrice\": 0,\r\n\t\t\"totalItem\": 0,\r\n\t\t\"discount\": 0,\r\n\t\t\"productCode\": \"1258965\"\r\n\t}],\r\n\t\"orderNumber\": \"{{orderNumber}}\",\r\n\t\"draft\": true,\r\n\t\"currency\": \"BRL\",\r\n\t\"customerId\": \"{{customerId}}\",\r\n\t\"customerName\": \"{{customerName}}\",\r\n\t\"locationId\": \"{{locationId}}\",\r\n\t\"locationDescription\": \"{{locationDescription}}\",\r\n\t\"userId\": \"{{userId}}\",\r\n\t\"userName\": \"{{userUsername}}\",\r\n\t\"companyId\": \"{{companyId}}\",\r\n\t\"companyName\": \"{{companyName}}\",\r\n\t\"priceListId\": \"{{priceListId}}\",\r\n\t\"priceListDescription\": \"{{priceListDescription}}\",\r\n\t\"grossValue\": 5,\r\n\t\"netValue\": 5,\r\n\t\"quantity\": 1\r\n}"
						},
						"description": ""
					},
					"response": []
				},
				{
					"name": "Get order updated second time",
					"event": [
						{
							"listen": "test",
							"script": {
								"type": "text/javascript",
								"exec": [
									"eval(globals.postmanBDD);",
									"",
									"describe('Get order updated second time',function(){",
									"    it('should return 200 code status', function(){",
									"        response.should.have.status(200);",
									"    });",
									"    ",
									"    it('response should be a json', function(){",
									"        response.should.be.json;",
									"    });",
									"    ",
									"    it('response should have items with one item', function(){",
									"        response.body.should.have.property('items');",
									"        response.body.items.should.have.property('length');",
									"        response.body.items.length.should.be.eql(1);",
									"    });",
									"    ",
									"    it('response should have items quantity with same items length', function(){",
									"        response.body.should.have.property('itemsQuantity');",
									"        response.body.itemsQuantity.should.be.eql(1);",
									"    });",
									"});"
								]
							}
						}
					],
					"request": {
						"url": "{{url}}/api/v1/sales/orders/{{orderId}}",
						"method": "GET",
						"header": [
							{
								"key": "Accept",
								"value": "application/json",
								"description": ""
							}
						],
						"body": {},
						"description": ""
					},
					"response": []
				},
				{
					"name": "Logout and clear globals",
					"event": [
						{
							"listen": "test",
							"script": {
								"type": "text/javascript",
								"exec": [
									"eval(globals.postmanBDD);",
									"",
									"describe('Do logout for close session', function(){",
									"    it('should return 204 code status', function(){",
									"        response.should.have.status(204);",
									"    });",
									"});",
									"",
									"pm.globals.clear();",
									""
								]
							}
						}
					],
					"request": {
						"url": "{{url}}/api/v1/user/login/logout",
						"method": "POST",
						"header": [
							{
								"key": "Accept-Language",
								"value": "en-US,en;q=0.8",
								"description": ""
							}
						],
						"body": {
							"mode": "raw",
							"raw": "{}"
						},
						"description": ""
					},
					"response": []
				}
			]
		}
	]
}