{
	"variables": [],
	"info": {
		"name": "Sales - TestOrderItemValidator",
		"_postman_id": "9d355263-fe08-c261-0a2f-3a8937c918a2",
		"description": "",
		"schema": "https://schema.getpostman.com/json/collection/v2.0.0/collection.json"
	},
	"item": [
		{
			"name": "Setup",
			"description": "",
			"item": [
				{
					"name": "Installing postmanBDD",
					"event": [
						{
							"listen": "test",
							"script": {
								"type": "text/javascript",
								"exec": [
									"// \"install\" Postman BDD\r",
									"postman.setGlobalVariable('postmanBDD', responseBody);"
								]
							}
						}
					],
					"request": {
						"url": "http://bigstickcarpet.com/postman-bdd/dist/postman-bdd.min.js",
						"method": "GET",
						"header": [],
						"body": {},
						"description": ""
					},
					"response": []
				},
				{
					"name": "Do login with default user",
					"event": [
						{
							"listen": "test",
							"script": {
								"type": "text/javascript",
								"exec": [
									"eval(globals.postmanBDD);",
									"",
									"describe('Do login with default user', function(){",
									"    it('should return 200 code status', function(){",
									"        response.should.have.status(200);",
									"    });",
									"});"
								]
							}
						}
					],
					"request": {
						"url": "{{url}}/api/v1/user/login",
						"method": "POST",
						"header": [
							{
								"key": "Content-Type",
								"value": "application/json",
								"description": ""
							}
						],
						"body": {
							"mode": "raw",
							"raw": "{\n  \"rememberMe\": false,\n  \"username\": \"{{username}}\",\n  \"password\": \"{{password}}\",\n  \"tenant\": \"{{tenant}}\"\n}"
						},
						"description": ""
					},
					"response": []
				},
				{
					"name": "Consult default measurement unit",
					"event": [
						{
							"listen": "test",
							"script": {
								"type": "text/javascript",
								"exec": [
									"eval(globals.postmanBDD);",
									"",
									"describe('Consult profiles', function(){",
									"    it('should return 200 code status', function(){",
									"        response.should.have.status(200);",
									"    });",
									"    ",
									"    it('response should be a json', function(){",
									"        response.should.be.json;",
									"    });",
									"    ",
									"    it('The response should have at least one measurement unit', function(){",
									"        response.body.should.have.property('items');",
									"        let existDefault = false;",
									"        response.body.items.forEach((item) => {",
									"            item.should.have.property('id');",
									"            item.should.have.property('description');",
									"            item.should.have.property('acronym');",
									"            item.should.have.property('standard');",
									"            if (item.standard) {",
									"                existDefault = true;",
									"                postman.setGlobalVariable('measurementUnitsDefaultId', item.id);",
									"                postman.setGlobalVariable('measurementUnitsDefaultDescription', item.description);",
									"                postman.setGlobalVariable('measurementUnitsDefaultAcronym', item.acronym);",
									"            }",
									"        });",
									"        existDefault.should.eql(true);",
									"    });",
									"});",
									""
								]
							}
						}
					],
					"request": {
						"url": {
							"raw": "{{url}}/api/v1/administration/measurement-units?select=id,description,acronym,standard",
							"host": [
								"{{url}}"
							],
							"path": [
								"api",
								"v1",
								"administration",
								"measurement-units"
							],
							"query": [
								{
									"key": "select",
									"value": "id,description,acronym,standard",
									"equals": true,
									"description": ""
								}
							],
							"variable": []
						},
						"method": "GET",
						"header": [],
						"body": {
							"mode": "raw",
							"raw": ""
						},
						"description": ""
					},
					"response": []
				},
				{
					"name": "Create a new product",
					"event": [
						{
							"listen": "test",
							"script": {
								"type": "text/javascript",
								"exec": [
									"eval(globals.postmanBDD);",
									"",
									"describe('Create new product for tests', function(){",
									"    it('should return 201 code status', function(){",
									"        response.should.have.status(201);",
									"    });",
									"    ",
									"    it('response should be a json', function(){",
									"        response.should.be.json;",
									"    });",
									"    ",
									"    it('response should have an id of product', function(){",
									"        response.body.should.have.property('id');",
									"        postman.setGlobalVariable(\"productId\", response.body.id);",
									"    });",
									"});",
									""
								]
							}
						}
					],
					"request": {
						"url": "{{url}}/api/v1/product/products",
						"method": "POST",
						"header": [
							{
								"key": "Content-Type",
								"value": "application/json",
								"description": ""
							}
						],
						"body": {
							"mode": "raw",
							"raw": "{\n  \"active\":true,\n  \"description\":\"{{$timestamp}}\",\n  \"code\":\"{{$timestamp}}\",\n  \"saleAvailable\":true,\n  \"measurementUnitId\":\"{{measurementUnitsDefaultId}}\",\n  \"measurementUnitDescription\":\"{{measurementUnitsDefaultDescription}}\",\n  \"measurementUnitAcronym\":\"{{measurementUnitsDefaultAcronym}}\",\n  \"saleFractioned\":false,\n  \"images\":[],\n  \"inventories\":[],\n  \"packagings\":[],\n  \"permissions\":[\n    {\n      \"entity\":\"User\",\n      \"permissions\":[],\n      \"selectAll\":true\n    },{\n      \"entity\":\"Company\",\n      \"permissions\":[],\n      \"selectAll\":true\n    }\n  ]\n}"
						},
						"description": ""
					},
					"response": []
				},
				{
					"name": "Consult product created",
					"event": [
						{
							"listen": "test",
							"script": {
								"type": "text/javascript",
								"exec": [
									"eval(globals.postmanBDD);",
									"",
									"describe('Consult product created', function(){",
									"    it('should return 200 code status', function(){",
									"        response.should.have.status(200);",
									"    });",
									"    ",
									"    it('response should be a json', function(){",
									"        response.should.be.json;",
									"    });",
									"    ",
									"    it('response should have an description', function(){",
									"        response.body.should.have.property('description');",
									"        response.body.should.have.property('code');",
									"        postman.setGlobalVariable(\"productDescription\", response.body.description);",
									"        postman.setGlobalVariable(\"productCode\", response.body.code);",
									"    });",
									"});"
								]
							}
						}
					],
					"request": {
						"url": {
							"raw": "{{url}}/api/v1/product/products/{{productId}}?select=description,code",
							"host": [
								"{{url}}"
							],
							"path": [
								"api",
								"v1",
								"product",
								"products",
								"{{productId}}"
							],
							"query": [
								{
									"key": "select",
									"value": "description,code",
									"equals": true,
									"description": ""
								}
							],
							"variable": []
						},
						"method": "GET",
						"header": [],
						"body": {},
						"description": ""
					},
					"response": []
				}
			]
		},
		{
			"name": "Validate item order",
			"description": "",
			"item": [
				{
					"name": "Item without quantity",
					"event": [
						{
							"listen": "test",
							"script": {
								"type": "text/javascript",
								"exec": [
									"eval(globals.postmanBDD);",
									"",
									"describe('Item with net value other than gross value and without max and min price', function(){",
									"    it('should return 422 code status', function(){",
									"        response.should.have.status(422);",
									"    });",
									"    ",
									"    it('response should be a json', function(){",
									"        response.should.be.json;",
									"    });",
									"    ",
									"    it('response should have an error', function(){",
									"        response.body.length.should.eql(1);",
									"    });",
									"    ",
									"    it('error should have a message', function(){",
									"        response.body[0].should.have.property('message');",
									"        response.body[0].message.should.eql('quantity.null');",
									"    });",
									"    ",
									"    it('error should have a field', function(){",
									"        response.body[0].should.have.property('field');",
									"        response.body[0].field.should.eql('quantity');",
									"    });",
									"    ",
									"});"
								]
							}
						}
					],
					"request": {
						"url": "{{url}}/api/v1/sales/order-items/validate",
						"method": "POST",
						"header": [
							{
								"key": "Content-Type",
								"value": "application/json",
								"description": ""
							}
						],
						"body": {
							"mode": "raw",
							"raw": "{\n  \"productId\":\"{{productId}}\",\n  \"productDescription\":\"{{productDescription}}\",\n  \"grossValue\":5,\n  \"netValue\":4,\n  \"quantity\":null,\n  \"minimumPrice\":1,\n  \"maximumPrice\":10,\n  \"totalItem\":0,\n  \"discount\":1,\n  \"productCode\":\"{{productCode}}\"\n}"
						},
						"description": ""
					},
					"response": []
				},
				{
					"name": "Item with net value other than gross value",
					"event": [
						{
							"listen": "test",
							"script": {
								"type": "text/javascript",
								"exec": [
									"eval(globals.postmanBDD);",
									"",
									"describe('Item with net value other than gross value and without max and min price', function(){",
									"    it('should return 422 code status', function(){",
									"        response.should.have.status(422);",
									"    });",
									"    ",
									"    it('response should be a json', function(){",
									"        response.should.be.json;",
									"    });",
									"    ",
									"    it('response should have an error', function(){",
									"        response.body.length.should.eql(1);",
									"    });",
									"    ",
									"    it('error should have a message', function(){",
									"        response.body[0].should.have.property('message');",
									"        response.body[0].message.should.eql('price.otherThanGrossValue');",
									"    });",
									"    ",
									"    it('error should have a field', function(){",
									"        response.body[0].should.have.property('field');",
									"        response.body[0].field.should.eql('netValue');",
									"    });",
									"    ",
									"    it('error should have a param value', function(){",
									"        response.body[0].should.have.property('params');",
									"        response.body[0].params.should.have.property('value');",
									"        response.body[0].params.value.should.eql(5);",
									"    });",
									"    ",
									"});",
									""
								]
							}
						}
					],
					"request": {
						"url": "{{url}}/api/v1/sales/order-items/validate",
						"method": "POST",
						"header": [
							{
								"key": "Content-Type",
								"value": "application/json",
								"description": ""
							}
						],
						"body": {
							"mode": "raw",
							"raw": "{\n  \"productId\":\"{{productId}}\",\n  \"productDescription\":\"{{productDescription}}\",\n  \"grossValue\":5,\n  \"netValue\":4,\n  \"quantity\":5,\n  \"minimumPrice\":null,\n  \"maximumPrice\":null,\n  \"totalItem\":0,\n  \"discount\":1,\n  \"productCode\":\"{{productCode}}\"\n}"
						},
						"description": ""
					},
					"response": []
				},
				{
					"name": "Item with net value bigger than gross value",
					"event": [
						{
							"listen": "test",
							"script": {
								"type": "text/javascript",
								"exec": [
									"eval(globals.postmanBDD);",
									"",
									"describe('Item with net value other than gross value and without max and min price', function(){",
									"    it('should return 422 code status', function(){",
									"        response.should.have.status(422);",
									"    });",
									"    ",
									"    it('response should be a json', function(){",
									"        response.should.be.json;",
									"    });",
									"    ",
									"    it('response should have an error', function(){",
									"        response.body.length.should.eql(1);",
									"    });",
									"    ",
									"    it('error should have a message', function(){",
									"        response.body[0].should.have.property('message');",
									"        response.body[0].message.should.eql('price.biggerThanGrossValue');",
									"    });",
									"    ",
									"    it('error should have a field', function(){",
									"        response.body[0].should.have.property('field');",
									"        response.body[0].field.should.eql('netValue');",
									"    });",
									"    ",
									"    it('error should have a param value', function(){",
									"        response.body[0].should.have.property('params');",
									"        response.body[0].params.should.have.property('value');",
									"        response.body[0].params.value.should.eql(5);",
									"    });",
									"    ",
									"});",
									""
								]
							}
						}
					],
					"request": {
						"url": "{{url}}/api/v1/sales/order-items/validate",
						"method": "POST",
						"header": [
							{
								"key": "Content-Type",
								"value": "application/json",
								"description": ""
							}
						],
						"body": {
							"mode": "raw",
							"raw": "{\n  \"productId\":\"{{productId}}\",\n  \"productDescription\":\"{{productDescription}}\",\n  \"grossValue\":5,\n  \"netValue\":8,\n  \"quantity\":1,\n  \"minimumPrice\":3,\n  \"maximumPrice\":null,\n  \"totalItem\":0,\n  \"discount\":1,\n  \"productCode\":\"{{productCode}}\"\n}"
						},
						"description": ""
					},
					"response": []
				},
				{
					"name": "Item with net value less than gross value",
					"event": [
						{
							"listen": "test",
							"script": {
								"type": "text/javascript",
								"exec": [
									"eval(globals.postmanBDD);",
									"",
									"describe('Item with net value other than gross value and without max and min price', function(){",
									"    it('should return 422 code status', function(){",
									"        response.should.have.status(422);",
									"    });",
									"    ",
									"    it('response should be a json', function(){",
									"        response.should.be.json;",
									"    });",
									"    ",
									"    it('response should have an error', function(){",
									"        response.body.length.should.eql(1);",
									"    });",
									"    ",
									"    it('error should have a message', function(){",
									"        response.body[0].should.have.property('message');",
									"        response.body[0].message.should.eql('price.lessThanGrossValue');",
									"    });",
									"    ",
									"    it('error should have a field', function(){",
									"        response.body[0].should.have.property('field');",
									"        response.body[0].field.should.eql('netValue');",
									"    });",
									"    ",
									"    it('error should have a param value', function(){",
									"        response.body[0].should.have.property('params');",
									"        response.body[0].params.should.have.property('value');",
									"        response.body[0].params.value.should.eql(5);",
									"    });",
									"    ",
									"});",
									""
								]
							}
						}
					],
					"request": {
						"url": "{{url}}/api/v1/sales/order-items/validate",
						"method": "POST",
						"header": [
							{
								"key": "Content-Type",
								"value": "application/json",
								"description": ""
							}
						],
						"body": {
							"mode": "raw",
							"raw": "{\n  \"productId\":\"{{productId}}\",\n  \"productDescription\":\"{{productDescription}}\",\n  \"grossValue\":5,\n  \"netValue\":3,\n  \"quantity\":5,\n  \"minimumPrice\":null,\n  \"maximumPrice\":10,\n  \"totalItem\":0,\n  \"discount\":1,\n  \"productCode\":\"{{productCode}}\"\n}"
						},
						"description": ""
					},
					"response": []
				},
				{
					"name": "Item with net value bigger than maximum",
					"event": [
						{
							"listen": "test",
							"script": {
								"type": "text/javascript",
								"exec": [
									"eval(globals.postmanBDD);",
									"",
									"describe('Item with net value bigger than maximum', function(){",
									"    it('should return 422 code status', function(){",
									"        response.should.have.status(422);",
									"    });",
									"    ",
									"    it('response should be a json', function(){",
									"        response.should.be.json;",
									"    });",
									"    ",
									"    it('response should have an error', function(){",
									"        response.body.length.should.eql(1);",
									"    });",
									"    ",
									"    it('error should have a message', function(){",
									"        response.body[0].should.have.property('message');",
									"        response.body[0].message.should.eql('price.biggerThanMaximum');",
									"    });",
									"    ",
									"    it('error should have a field', function(){",
									"        response.body[0].should.have.property('field');",
									"        response.body[0].field.should.eql('netValue');",
									"    });",
									"    ",
									"    it('error should have a param max', function(){",
									"        response.body[0].should.have.property('params');",
									"        response.body[0].params.should.have.property('max');",
									"        response.body[0].params.max.should.eql(3);",
									"    });",
									"    ",
									"});",
									""
								]
							}
						}
					],
					"request": {
						"url": "{{url}}/api/v1/sales/order-items/validate",
						"method": "POST",
						"header": [
							{
								"key": "Content-Type",
								"value": "application/json",
								"description": ""
							}
						],
						"body": {
							"mode": "raw",
							"raw": "{\n  \"productId\":\"{{productId}}\",\n  \"productDescription\":\"{{productDescription}}\",\n  \"grossValue\":3,\n  \"netValue\":4,\n  \"quantity\":1,\n  \"minimumPrice\":null,\n  \"maximumPrice\":3,\n  \"totalItem\":4,\n  \"discount\":1,\n  \"productCode\":\"{{productCode}}\"\n}"
						},
						"description": ""
					},
					"response": []
				},
				{
					"name": "Item with net value less than minimum",
					"event": [
						{
							"listen": "test",
							"script": {
								"type": "text/javascript",
								"exec": [
									"eval(globals.postmanBDD);",
									"",
									"describe('Item with net value less than minimum', function(){",
									"    it('should return 422 code status', function(){",
									"        response.should.have.status(422);",
									"    });",
									"    ",
									"    it('response should be a json', function(){",
									"        response.should.be.json;",
									"    });",
									"    ",
									"    it('response should have an error', function(){",
									"        response.body.length.should.eql(1);",
									"    });",
									"    ",
									"    it('error should have a message', function(){",
									"        response.body[0].should.have.property('message');",
									"        response.body[0].message.should.eql('price.lessThanMinimum');",
									"    });",
									"    ",
									"    it('error should have a field', function(){",
									"        response.body[0].should.have.property('field');",
									"        response.body[0].field.should.eql('netValue');",
									"    });",
									"    ",
									"    it('error should have a param min', function(){",
									"        response.body[0].should.have.property('params');",
									"        response.body[0].params.should.have.property('min');",
									"        response.body[0].params.min.should.eql(4);",
									"    });",
									"    ",
									"});",
									""
								]
							}
						}
					],
					"request": {
						"url": "{{url}}/api/v1/sales/order-items/validate",
						"method": "POST",
						"header": [
							{
								"key": "Content-Type",
								"value": "application/json",
								"description": ""
							}
						],
						"body": {
							"mode": "raw",
							"raw": "{\n  \"productId\":\"{{productId}}\",\n  \"productDescription\":\"{{productDescription}}\",\n  \"grossValue\":4,\n  \"netValue\":3,\n  \"quantity\":1,\n  \"minimumPrice\":4,\n  \"maximumPrice\":null,\n  \"totalItem\":3,\n  \"discount\":1,\n  \"productCode\":\"{{productCode}}\"\n}"
						},
						"description": ""
					},
					"response": []
				},
				{
					"name": "Item with invalid product",
					"event": [
						{
							"listen": "test",
							"script": {
								"type": "text/javascript",
								"exec": [
									"eval(globals.postmanBDD);",
									"",
									"describe('Item with invalid product', function(){",
									"    it('should return 422 code status', function(){",
									"        response.should.have.status(422);",
									"    });",
									"    ",
									"    it('response should be a json', function(){",
									"        response.should.be.json;",
									"    });",
									"    ",
									"    it('response should have an error', function(){",
									"        response.body.length.should.eql(1);",
									"    });",
									"    ",
									"    it('error should have a message', function(){",
									"        response.body[0].should.have.property('message');",
									"        response.body[0].message.should.eql('order.product.notFound');",
									"    });",
									"    ",
									"    it('error should have a field', function(){",
									"        response.body[0].should.have.property('field');",
									"        response.body[0].field.should.eql('productId');",
									"    });",
									"});",
									"",
									"pm.globals.clear();",
									""
								]
							}
						}
					],
					"request": {
						"url": "{{url}}/api/v1/sales/order-items/validate",
						"method": "POST",
						"header": [
							{
								"key": "Content-Type",
								"value": "application/json",
								"description": ""
							}
						],
						"body": {
							"mode": "raw",
							"raw": "{\n  \"productId\":\"{{$guid}}\",\n  \"productDescription\":null,\n  \"productCode\":null,\n  \"grossValue\":5,\n  \"netValue\":5,\n  \"quantity\":1,\n  \"minimumPrice\":5,\n  \"maximumPrice\":5,\n  \"totalItem\":5,\n  \"discount\":1\n}"
						},
						"description": ""
					},
					"response": []
				}
			]
		}
	]
}