{
	"customers": [
		{
			"tradingName": "Aqui tem alguma coisa",
			"customerSince": "2018-10-02",
			"createdAt": "2018-10-02T12:46:55.883Z",
			"lastUpdatedAt": "2019-05-27T15:17:43.300Z",
			"name": "AGROVENCI COMERCIO IMPORTACAO EXPORTACAO E AGROPECUARIA LTDA",
			"active": true,
			"contactCustomerLocations": [
					{
							"createdAt": "2019-05-27T15:17:43.272Z",
							"contact": {
									"name": "Willian",
									"id": "8033df3f-3668-4196-a051-62511ca814e9"
							},
							"id": "792922e5-9cc7-4d16-bc02-36cbb5ef906a",
							"updatedAt": "2019-05-27T15:17:43.272Z"
					}
			],
			"customerPersonType": {
					"code": "PJ",
					"acronym": "PJ",
					"active": true,
					"description": "Jurídica",
					"id": "0e90d669-7be3-4036-b6af-fdce69effb16"
			},
			"locations": [
					{
							"standard": true,
							"headquarter": true,
							"active": false,
							"description": "local 2",
							"id": "ecc306ab-3aa5-4d3a-b7ca-1d0a768763da"
					},
					{
							"standard": false,
							"headquarter": false,
							"active": false,
							"description": "Local inativo Agrovenci",
							"id": "d2e6a51b-9848-44fb-ad00-ecee69b0530e"
					},
					{
							"standard": false,
							"address": "Rua nereu ramos, 2651, Cancelli",
							"stateId": "c242bcf5-c317-4bed-b395-f56a85b47c3f",
							"active": true,
							"description": "CHACARA ESTRELA - MULTIPLICADORA BORDIGNON",
							"areas": [
									{
											"mappingId": "e25d4c54-2a87-4d50-b915-cdf454b9ed4f",
											"note": "ad",
											"measurementUnitAcronym": "ha",
											"size": 0.84,
											"areaType": {
													"active": true,
													"description": "Produtiva",
													"id": "bc43f143-0253-4d77-a101-9258be93485f"
											},
											"description": "Área 1",
											"location": {
													"description": "CHACARA ESTRELA - MULTIPLICADORA BORDIGNON",
													"id": "d2b0469d-ec50-4351-b70c-6b30121faf4c"
											},
											"measurementUnitId": "4a68f297-0eb3-4cfc-9a67-288ea1bf1fc8",
											"id": "07243b32-69ce-47ad-ad16-a89292c363e9"
									}
							],
							"cityId": "dabd4fce-27c1-4059-a9f8-a10be66583db",
							"countryId": "9a792485-bfb9-4e87-97d6-b797a994ca2b",
							"cityName": "Cascavel",
							"headquarter": false,
							"stateName": "Parana",
							"id": "d2b0469d-ec50-4351-b70c-6b30121faf4c",
							"countryName": "Brazil"
					}
			],
			"id": "76df93ff-f727-4477-ac11-60c7dcb95fde",
			"customerEmails": [
					{
							"standard": false,
							"createdAt": "2018-10-15T19:25:22.190Z",
							"id": "b23a64f9-69f0-40ba-b01c-a6ab92f9a7a4",
							"email": "fabiana.scherer@wssim.com.br",
							"updatedAt": "2019-05-27T15:17:43.214Z",
							"emailTypeId": "301f0e6e-4270-472b-aa96-45ab017bcbb1"
					},
					{
							"standard": true,
							"createdAt": "2018-10-18T14:50:32.880Z",
							"id": "6a7c3884-f21d-4de7-8a7e-ec1bb21617ef",
							"email": "peterson.schmitt@wssim.com.br",
							"updatedAt": "2019-05-27T15:17:43.233Z",
							"emailTypeId": "301f0e6e-4270-472b-aa96-45ab017bcbb1"
					},
					{
							"createdAt": "2019-05-27T15:17:43.025Z",
							"id": "48c9c6e0-6823-4529-a06e-31c610dc2e0c",
							"email": "mauricio.borges@wssim.com.br",
							"updatedAt": "2019-05-27T15:17:43.025Z",
							"emailTypeId": "301f0e6e-4270-472b-aa96-45ab017bcbb1"
					}
			],
			"updatedAt": "2019-05-27T15:17:43.300Z"
		}
	],
	"locations": [
		{
			"id": "d2b0469d-ec50-4351-b70c-6b30121faf4c",
			"createdAt": "2018-10-02T12:47:06.127Z",
			"updatedAt": "2019-05-17T13:34:23.150Z",
			"customer": {
					"id": "76df93ff-f727-4477-ac11-60c7dcb95fde",
					"customerPersonType": {
							"id": "0e90d669-7be3-4036-b6af-fdce69effb16",
							"active": true,
							"code": "PJ",
							"description": "Jurídica",
							"acronym": "PJ"
					},
					"active": true,
					"name": "AGROVENCI COMERCIO IMPORTACAO EXPORTACAO E AGROPECUARIA LTDA",
					"tradingName": "Aqui tem alguma coisa",
					"customerSince": "2018-10-02",
					"customerEmails": [
							{
									"id": "b23a64f9-69f0-40ba-b01c-a6ab92f9a7a4",
									"createdAt": "2018-10-15T19:25:22.190Z",
									"updatedAt": "2019-05-27T15:17:43.214Z",
									"standard": false,
									"emailTypeId": "301f0e6e-4270-472b-aa96-45ab017bcbb1",
									"email": "fabiana.scherer@wssim.com.br"
							},
							{
									"id": "6a7c3884-f21d-4de7-8a7e-ec1bb21617ef",
									"createdAt": "2018-10-18T14:50:32.880Z",
									"updatedAt": "2019-05-27T15:17:43.233Z",
									"standard": true,
									"emailTypeId": "301f0e6e-4270-472b-aa96-45ab017bcbb1",
									"email": "peterson.schmitt@wssim.com.br"
							},
							{
									"id": "48c9c6e0-6823-4529-a06e-31c610dc2e0c",
									"createdAt": "2019-05-27T15:17:43.025Z",
									"updatedAt": "2019-05-27T15:17:43.025Z",
									"emailTypeId": "301f0e6e-4270-472b-aa96-45ab017bcbb1",
									"email": "mauricio.borges@wssim.com.br"
							}
					],
					"contactCustomerLocations": [
							{
									"id": "792922e5-9cc7-4d16-bc02-36cbb5ef906a",
									"createdAt": "2019-05-27T15:17:43.272Z",
									"updatedAt": "2019-05-27T15:17:43.272Z",
									"contact": {
											"id": "8033df3f-3668-4196-a051-62511ca814e9",
											"name": "Willian"
									}
							}
					]
			},
			"cityId": "dabd4fce-27c1-4059-a9f8-a10be66583db",
			"stateId": "c242bcf5-c317-4bed-b395-f56a85b47c3f",
			"countryId": "9a792485-bfb9-4e87-97d6-b797a994ca2b",
			"active": true,
			"headquarter": false,
			"description": "CHACARA ESTRELA - MULTIPLICADORA BORDIGNON",
			"address": "Rua nereu ramos, 2651, Cancelli",
			"standard": false,
			"areas": [
					{
							"id": "07243b32-69ce-47ad-ad16-a89292c363e9",
							"areaType": {
									"id": "bc43f143-0253-4d77-a101-9258be93485f",
									"active": true,
									"description": "Produtiva"
							},
							"location": {
									"id": "d2b0469d-ec50-4351-b70c-6b30121faf4c",
									"description": "CHACARA ESTRELA - MULTIPLICADORA BORDIGNON"
							},
							"description": "Área 1",
							"size": 0.84,
							"note": "ad",
							"measurementUnitId": "4a68f297-0eb3-4cfc-9a67-288ea1bf1fc8",
							"measurementUnitAcronym": "ha",
							"mappingId": "e25d4c54-2a87-4d50-b915-cdf454b9ed4f"
					}
			],
			"cityName": "Cascavel",
			"stateName": "Parana",
			"countryName": "Brazil",
			"lastUpdatedAt": "2019-05-17T13:34:23.150Z"
	},
	{
			"id": "d2e6a51b-9848-44fb-ad00-ecee69b0530e",
			"createdAt": "2019-01-24T19:13:58.615Z",
			"updatedAt": "2019-02-25T21:59:13.001Z",
			"customer": {
					"id": "76df93ff-f727-4477-ac11-60c7dcb95fde",
					"customerPersonType": {
							"id": "0e90d669-7be3-4036-b6af-fdce69effb16",
							"active": true,
							"code": "PJ",
							"description": "Jurídica",
							"acronym": "PJ"
					},
					"active": true,
					"name": "AGROVENCI COMERCIO IMPORTACAO EXPORTACAO E AGROPECUARIA LTDA",
					"tradingName": "Aqui tem alguma coisa",
					"customerSince": "2018-10-02",
					"customerEmails": [
							{
									"id": "b23a64f9-69f0-40ba-b01c-a6ab92f9a7a4",
									"createdAt": "2018-10-15T19:25:22.190Z",
									"updatedAt": "2019-05-27T15:17:43.214Z",
									"standard": false,
									"emailTypeId": "301f0e6e-4270-472b-aa96-45ab017bcbb1",
									"email": "fabiana.scherer@wssim.com.br"
							},
							{
									"id": "6a7c3884-f21d-4de7-8a7e-ec1bb21617ef",
									"createdAt": "2018-10-18T14:50:32.880Z",
									"updatedAt": "2019-05-27T15:17:43.233Z",
									"standard": true,
									"emailTypeId": "301f0e6e-4270-472b-aa96-45ab017bcbb1",
									"email": "peterson.schmitt@wssim.com.br"
							},
							{
									"id": "48c9c6e0-6823-4529-a06e-31c610dc2e0c",
									"createdAt": "2019-05-27T15:17:43.025Z",
									"updatedAt": "2019-05-27T15:17:43.025Z",
									"emailTypeId": "301f0e6e-4270-472b-aa96-45ab017bcbb1",
									"email": "mauricio.borges@wssim.com.br"
							}
					],
					"contactCustomerLocations": [
							{
									"id": "792922e5-9cc7-4d16-bc02-36cbb5ef906a",
									"createdAt": "2019-05-27T15:17:43.272Z",
									"updatedAt": "2019-05-27T15:17:43.272Z",
									"contact": {
											"id": "8033df3f-3668-4196-a051-62511ca814e9",
											"name": "Willian"
									}
							}
					]
			},
			"active": false,
			"headquarter": false,
			"description": "Local inativo Agrovenci",
			"standard": false,
			"lastUpdatedAt": "2019-02-25T21:59:13.001Z"
	},
	{
			"id": "ecc306ab-3aa5-4d3a-b7ca-1d0a768763da",
			"createdAt": "2019-02-25T21:59:00.297Z",
			"updatedAt": "2019-02-25T21:59:12.909Z",
			"customer": {
					"id": "76df93ff-f727-4477-ac11-60c7dcb95fde",
					"customerPersonType": {
							"id": "0e90d669-7be3-4036-b6af-fdce69effb16",
							"active": true,
							"code": "PJ",
							"description": "Jurídica",
							"acronym": "PJ"
					},
					"active": true,
					"name": "AGROVENCI COMERCIO IMPORTACAO EXPORTACAO E AGROPECUARIA LTDA",
					"tradingName": "Aqui tem alguma coisa",
					"customerSince": "2018-10-02",
					"customerEmails": [
							{
									"id": "b23a64f9-69f0-40ba-b01c-a6ab92f9a7a4",
									"createdAt": "2018-10-15T19:25:22.190Z",
									"updatedAt": "2019-05-27T15:17:43.214Z",
									"standard": false,
									"emailTypeId": "301f0e6e-4270-472b-aa96-45ab017bcbb1",
									"email": "fabiana.scherer@wssim.com.br"
							},
							{
									"id": "6a7c3884-f21d-4de7-8a7e-ec1bb21617ef",
									"createdAt": "2018-10-18T14:50:32.880Z",
									"updatedAt": "2019-05-27T15:17:43.233Z",
									"standard": true,
									"emailTypeId": "301f0e6e-4270-472b-aa96-45ab017bcbb1",
									"email": "peterson.schmitt@wssim.com.br"
							},
							{
									"id": "48c9c6e0-6823-4529-a06e-31c610dc2e0c",
									"createdAt": "2019-05-27T15:17:43.025Z",
									"updatedAt": "2019-05-27T15:17:43.025Z",
									"emailTypeId": "301f0e6e-4270-472b-aa96-45ab017bcbb1",
									"email": "mauricio.borges@wssim.com.br"
							}
					],
					"contactCustomerLocations": [
							{
									"id": "792922e5-9cc7-4d16-bc02-36cbb5ef906a",
									"createdAt": "2019-05-27T15:17:43.272Z",
									"updatedAt": "2019-05-27T15:17:43.272Z",
									"contact": {
											"id": "8033df3f-3668-4196-a051-62511ca814e9",
											"name": "Willian"
									}
							}
					]
			},
			"active": false,
			"headquarter": true,
			"description": "local 2",
			"standard": true,
			"lastUpdatedAt": "2019-02-25T21:59:12.909Z"
		}	
	],
	"products": [
		{
			"note": "observação do arroz para ver se quebra linha no item do pedido",
			"saleFractioned": true,
			"images": [
					{
							"imageId": "1d5e5395-2de9-4317-aba2-22e1958893d3",
							"description": "arroz",
							"imageDefault": true,
							"id": "11d91c2f-6093-4aa6-bac4-9596ad1e6469",
							"imageOrder": 1
					}
			],
			"code": "PROD1",
			"suppliers": [],
			"costPrice": 56.36,
			"active": true,
			"description": "Arroz",
			"weight": 5,
			"measurementUnit": {
					"acronym": "kg",
					"description": "Quilograma",
					"id": "bbe39851-e9d4-4f76-a13b-239fc01841a0"
			},
			"availableForOpportunity": false,
			"packagings": [
					{
							"standard": false,
							"conversionFactor": 10,
							"description": "Fardo",
							"id": "8649cb38-5d3f-49cc-a9a8-37857aae9557"
					},
					{
							"standard": false,
							"conversionFactor": 12,
							"description": "Caixa",
							"id": "e6de38ac-1db0-487b-a6e6-3494fa7c7361"
					},
					{
							"standard": false,
							"conversionFactor": 3,
							"description": "Caixa pequena",
							"id": "b1e92b37-e0ab-4e47-81dc-c9ceb3df1d40"
					},
					{
							"standard": false,
							"conversionFactor": 5,
							"description": "fardinho",
							"id": "ee23862b-1074-4a31-895e-2a22d3c04f26"
					},
					{
							"standard": false,
							"conversionFactor": 50,
							"description": "Fardo grande",
							"id": "39085a4f-3d99-4e0f-9821-91dfb24e43bf"
					}
			],
			"productGroup": {
					"code": "04",
					"productGroupUpper": {
							"code": "GS",
							"saleAvailable": true,
							"active": true,
							"description": "Grupo superior",
							"id": "934a2d91-ae84-4646-800c-9b1bacb89d8d"
					},
					"saleAvailable": true,
					"active": false,
					"description": "Produtos alimentícios",
					"id": "26634907-75d5-49a1-a555-87075d209cb2"
			},
			"inventories": [
					{
							"quantity": 20,
							"company": {
									"tradingName": "WS",
									"name": "WS",
									"id": "cb610f22-f6ca-4088-9bef-35461b021705"
							},
							"id": "f6ddd9ce-0d9e-4c52-9e3a-9419bee86b17"
					},
					{
							"quantity": 10,
							"company": {
									"tradingName": "Bayer",
									"name": "Bayer",
									"id": "c6fd5abe-6f16-4051-a8e5-a7458f923ffc"
							},
							"id": "f5c2eec5-bcdd-48b3-934e-1d09a3d12715"
					}
			],
			"saleAvailable": true,
			"permissions": [
					{
							"selectAll": true,
							"id": "4128f056-2398-472c-96e9-c83df384e84f",
							"entity": "User"
					},
					{
							"selectAll": true,
							"id": "110604e9-50ce-4f6f-aaed-a22e48587c4f",
							"entity": "Company"
					}
			],
			"priceListItems": [
					{
							"product": {
									"measurementUnitDescription": "Quilograma",
									"note": "observação do arroz para ver se quebra linha no item do pedido",
									"saleFractioned": true,
									"images": [
											{
													"createdAt": "2019-03-19T16:31:28.967Z",
													"imageId": "1d5e5395-2de9-4317-aba2-22e1958893d3",
													"description": "arroz",
													"imageDefault": true,
													"id": "11d91c2f-6093-4aa6-bac4-9596ad1e6469",
													"imageOrder": 1,
													"updatedAt": "2019-05-24T13:55:51.505Z"
											}
									],
									"code": "PROD1",
									"suppliers": [],
									"costPrice": 56.36,
									"active": true,
									"description": "Arroz",
									"weight": 5,
									"availableForOpportunity": false,
									"createdAt": "2018-10-08T17:54:29.445Z",
									"measurementUnitAcronym": "kg",
									"packagings": [
											{
													"standard": false,
													"createdAt": "2019-05-20T17:01:31.271Z",
													"conversionFactor": 10,
													"packagingDescription": "Fardo",
													"id": "8649cb38-5d3f-49cc-a9a8-37857aae9557",
													"updatedAt": "2019-05-24T13:55:51.499Z"
											},
											{
													"standard": false,
													"createdAt": "2019-05-20T17:01:31.272Z",
													"conversionFactor": 12,
													"packagingDescription": "Caixa",
													"id": "e6de38ac-1db0-487b-a6e6-3494fa7c7361",
													"updatedAt": "2019-05-24T13:55:51.500Z"
											},
											{
													"standard": false,
													"createdAt": "2019-05-20T17:01:31.273Z",
													"conversionFactor": 3,
													"packagingDescription": "Caixa pequena",
													"id": "b1e92b37-e0ab-4e47-81dc-c9ceb3df1d40",
													"updatedAt": "2019-05-24T13:55:51.501Z"
											},
											{
													"standard": false,
													"createdAt": "2019-05-20T17:01:31.274Z",
													"conversionFactor": 5,
													"packagingDescription": "fardinho",
													"id": "ee23862b-1074-4a31-895e-2a22d3c04f26",
													"updatedAt": "2019-05-24T13:55:51.502Z"
											},
											{
													"standard": false,
													"createdAt": "2019-05-20T17:01:31.274Z",
													"conversionFactor": 50,
													"packagingDescription": "Fardo grande",
													"id": "39085a4f-3d99-4e0f-9821-91dfb24e43bf",
													"updatedAt": "2019-05-24T13:55:51.503Z"
											}
									],
									"productUsers": [],
									"companies": [],
									"productGroup": {
											"createdAt": "2018-10-08T20:05:56.707Z",
											"code": "04",
											"productGroupUpper": {
													"createdAt": "2018-10-08T19:28:40.030Z",
													"code": "GS",
													"saleAvailable": true,
													"active": true,
													"description": "Grupo superior",
													"id": "934a2d91-ae84-4646-800c-9b1bacb89d8d",
													"updatedAt": "2018-10-08T19:28:53.012Z"
											},
											"saleAvailable": true,
											"active": false,
											"description": "Produtos alimentícios",
											"id": "26634907-75d5-49a1-a555-87075d209cb2",
											"updatedAt": "2019-01-16T16:14:01.723Z"
									},
									"inventories": [
											{
													"companyTradingName": "WS",
													"createdAt": "2019-05-20T17:01:31.261Z",
													"companyId": "cb610f22-f6ca-4088-9bef-35461b021705",
													"quantity": 20,
													"companyName": "WS",
													"id": "f6ddd9ce-0d9e-4c52-9e3a-9419bee86b17",
													"updatedAt": "2019-05-24T13:55:51.495Z"
											},
											{
													"companyTradingName": "Bayer",
													"createdAt": "2019-05-20T17:01:31.262Z",
													"companyId": "c6fd5abe-6f16-4051-a8e5-a7458f923ffc",
													"quantity": 10,
													"companyName": "Bayer",
													"id": "f5c2eec5-bcdd-48b3-934e-1d09a3d12715",
													"updatedAt": "2019-05-24T13:55:51.497Z"
											}
									],
									"saleAvailable": true,
									"permissions": [
											{
													"createdAt": "2018-10-08T20:08:04.365Z",
													"selectAll": true,
													"id": "4128f056-2398-472c-96e9-c83df384e84f",
													"entity": "User",
													"updatedAt": "2019-05-24T13:55:51.509Z"
											},
											{
													"createdAt": "2018-10-08T20:08:04.365Z",
													"selectAll": true,
													"id": "110604e9-50ce-4f6f-aaed-a22e48587c4f",
													"entity": "Company",
													"updatedAt": "2019-05-24T13:55:51.510Z"
											}
									],
									"measurementUnitId": "bbe39851-e9d4-4f76-a13b-239fc01841a0",
									"id": "85d87b27-df68-4996-bcfd-d4534a4409b2",
									"updatedAt": "2019-05-24T13:55:51.511Z"
							},
							"permissions": [],
							"salesPrice": 57,
							"id": "7e550f42-ca2e-4ab2-a2fd-fe3436664cbc",
							"priceList": {
									"companyPermissions": [],
									"locationPermissions": [],
									"customerPermissions": [],
									"description": "Tabela preço do caminho critico - Não alterar",
									"id": "36516ca1-21a3-454f-b971-ad00c78edda2",
									"userPermissions": []
							},
							"pricesRange": []
					},
					{
							"product": {
									"measurementUnitDescription": "Quilograma",
									"note": "observação do arroz para ver se quebra linha no item do pedido",
									"saleFractioned": true,
									"images": [
											{
													"createdAt": "2019-03-19T16:31:28.967Z",
													"imageId": "1d5e5395-2de9-4317-aba2-22e1958893d3",
													"description": "arroz",
													"imageDefault": true,
													"id": "11d91c2f-6093-4aa6-bac4-9596ad1e6469",
													"imageOrder": 1,
													"updatedAt": "2019-05-24T13:55:51.505Z"
											}
									],
									"code": "PROD1",
									"suppliers": [],
									"costPrice": 56.36,
									"active": true,
									"description": "Arroz",
									"weight": 5,
									"availableForOpportunity": false,
									"createdAt": "2018-10-08T17:54:29.445Z",
									"measurementUnitAcronym": "kg",
									"packagings": [
											{
													"standard": false,
													"createdAt": "2019-05-20T17:01:31.271Z",
													"conversionFactor": 10,
													"packagingDescription": "Fardo",
													"id": "8649cb38-5d3f-49cc-a9a8-37857aae9557",
													"updatedAt": "2019-05-24T13:55:51.499Z"
											},
											{
													"standard": false,
													"createdAt": "2019-05-20T17:01:31.272Z",
													"conversionFactor": 12,
													"packagingDescription": "Caixa",
													"id": "e6de38ac-1db0-487b-a6e6-3494fa7c7361",
													"updatedAt": "2019-05-24T13:55:51.500Z"
											},
											{
													"standard": false,
													"createdAt": "2019-05-20T17:01:31.273Z",
													"conversionFactor": 3,
													"packagingDescription": "Caixa pequena",
													"id": "b1e92b37-e0ab-4e47-81dc-c9ceb3df1d40",
													"updatedAt": "2019-05-24T13:55:51.501Z"
											},
											{
													"standard": false,
													"createdAt": "2019-05-20T17:01:31.274Z",
													"conversionFactor": 5,
													"packagingDescription": "fardinho",
													"id": "ee23862b-1074-4a31-895e-2a22d3c04f26",
													"updatedAt": "2019-05-24T13:55:51.502Z"
											},
											{
													"standard": false,
													"createdAt": "2019-05-20T17:01:31.274Z",
													"conversionFactor": 50,
													"packagingDescription": "Fardo grande",
													"id": "39085a4f-3d99-4e0f-9821-91dfb24e43bf",
													"updatedAt": "2019-05-24T13:55:51.503Z"
											}
									],
									"productUsers": [],
									"companies": [],
									"productGroup": {
											"createdAt": "2018-10-08T20:05:56.707Z",
											"code": "04",
											"productGroupUpper": {
													"createdAt": "2018-10-08T19:28:40.030Z",
													"code": "GS",
													"saleAvailable": true,
													"active": true,
													"description": "Grupo superior",
													"id": "934a2d91-ae84-4646-800c-9b1bacb89d8d",
													"updatedAt": "2018-10-08T19:28:53.012Z"
											},
											"saleAvailable": true,
											"active": false,
											"description": "Produtos alimentícios",
											"id": "26634907-75d5-49a1-a555-87075d209cb2",
											"updatedAt": "2019-01-16T16:14:01.723Z"
									},
									"inventories": [
											{
													"companyTradingName": "WS",
													"createdAt": "2019-05-20T17:01:31.261Z",
													"companyId": "cb610f22-f6ca-4088-9bef-35461b021705",
													"quantity": 20,
													"companyName": "WS",
													"id": "f6ddd9ce-0d9e-4c52-9e3a-9419bee86b17",
													"updatedAt": "2019-05-24T13:55:51.495Z"
											},
											{
													"companyTradingName": "Bayer",
													"createdAt": "2019-05-20T17:01:31.262Z",
													"companyId": "c6fd5abe-6f16-4051-a8e5-a7458f923ffc",
													"quantity": 10,
													"companyName": "Bayer",
													"id": "f5c2eec5-bcdd-48b3-934e-1d09a3d12715",
													"updatedAt": "2019-05-24T13:55:51.497Z"
											}
									],
									"saleAvailable": true,
									"permissions": [
											{
													"createdAt": "2018-10-08T20:08:04.365Z",
													"selectAll": true,
													"id": "4128f056-2398-472c-96e9-c83df384e84f",
													"entity": "User",
													"updatedAt": "2019-05-24T13:55:51.509Z"
											},
											{
													"createdAt": "2018-10-08T20:08:04.365Z",
													"selectAll": true,
													"id": "110604e9-50ce-4f6f-aaed-a22e48587c4f",
													"entity": "Company",
													"updatedAt": "2019-05-24T13:55:51.510Z"
											}
									],
									"measurementUnitId": "bbe39851-e9d4-4f76-a13b-239fc01841a0",
									"id": "85d87b27-df68-4996-bcfd-d4534a4409b2",
									"updatedAt": "2019-05-24T13:55:51.511Z"
							},
							"permissions": [],
							"salesPrice": 60,
							"id": "69997e3b-0356-4606-8c7b-e39af499afe9",
							"priceList": {
									"companyPermissions": [],
									"locationPermissions": [],
									"customerPermissions": [],
									"description": "tab critica",
									"id": "c48bb435-0434-409a-8054-4dd0c312b622",
									"userPermissions": []
							},
							"pricesRange": []
					},
					{
							"product": {
									"measurementUnitDescription": "Quilograma",
									"note": "observação do arroz para ver se quebra linha no item do pedido",
									"saleFractioned": true,
									"images": [
											{
													"createdAt": "2019-03-19T16:31:28.967Z",
													"imageId": "1d5e5395-2de9-4317-aba2-22e1958893d3",
													"description": "arroz",
													"imageDefault": true,
													"id": "11d91c2f-6093-4aa6-bac4-9596ad1e6469",
													"imageOrder": 1,
													"updatedAt": "2019-05-24T13:55:51.505Z"
											}
									],
									"code": "PROD1",
									"suppliers": [],
									"costPrice": 56.36,
									"active": true,
									"description": "Arroz",
									"weight": 5,
									"availableForOpportunity": false,
									"createdAt": "2018-10-08T17:54:29.445Z",
									"measurementUnitAcronym": "kg",
									"packagings": [
											{
													"standard": false,
													"createdAt": "2019-05-20T17:01:31.271Z",
													"conversionFactor": 10,
													"packagingDescription": "Fardo",
													"id": "8649cb38-5d3f-49cc-a9a8-37857aae9557",
													"updatedAt": "2019-05-24T13:55:51.499Z"
											},
											{
													"standard": false,
													"createdAt": "2019-05-20T17:01:31.272Z",
													"conversionFactor": 12,
													"packagingDescription": "Caixa",
													"id": "e6de38ac-1db0-487b-a6e6-3494fa7c7361",
													"updatedAt": "2019-05-24T13:55:51.500Z"
											},
											{
													"standard": false,
													"createdAt": "2019-05-20T17:01:31.273Z",
													"conversionFactor": 3,
													"packagingDescription": "Caixa pequena",
													"id": "b1e92b37-e0ab-4e47-81dc-c9ceb3df1d40",
													"updatedAt": "2019-05-24T13:55:51.501Z"
											},
											{
													"standard": false,
													"createdAt": "2019-05-20T17:01:31.274Z",
													"conversionFactor": 5,
													"packagingDescription": "fardinho",
													"id": "ee23862b-1074-4a31-895e-2a22d3c04f26",
													"updatedAt": "2019-05-24T13:55:51.502Z"
											},
											{
													"standard": false,
													"createdAt": "2019-05-20T17:01:31.274Z",
													"conversionFactor": 50,
													"packagingDescription": "Fardo grande",
													"id": "39085a4f-3d99-4e0f-9821-91dfb24e43bf",
													"updatedAt": "2019-05-24T13:55:51.503Z"
											}
									],
									"productUsers": [],
									"companies": [],
									"productGroup": {
											"createdAt": "2018-10-08T20:05:56.707Z",
											"code": "04",
											"productGroupUpper": {
													"createdAt": "2018-10-08T19:28:40.030Z",
													"code": "GS",
													"saleAvailable": true,
													"active": true,
													"description": "Grupo superior",
													"id": "934a2d91-ae84-4646-800c-9b1bacb89d8d",
													"updatedAt": "2018-10-08T19:28:53.012Z"
											},
											"saleAvailable": true,
											"active": false,
											"description": "Produtos alimentícios",
											"id": "26634907-75d5-49a1-a555-87075d209cb2",
											"updatedAt": "2019-01-16T16:14:01.723Z"
									},
									"inventories": [
											{
													"companyTradingName": "WS",
													"createdAt": "2019-05-20T17:01:31.261Z",
													"companyId": "cb610f22-f6ca-4088-9bef-35461b021705",
													"quantity": 20,
													"companyName": "WS",
													"id": "f6ddd9ce-0d9e-4c52-9e3a-9419bee86b17",
													"updatedAt": "2019-05-24T13:55:51.495Z"
											},
											{
													"companyTradingName": "Bayer",
													"createdAt": "2019-05-20T17:01:31.262Z",
													"companyId": "c6fd5abe-6f16-4051-a8e5-a7458f923ffc",
													"quantity": 10,
													"companyName": "Bayer",
													"id": "f5c2eec5-bcdd-48b3-934e-1d09a3d12715",
													"updatedAt": "2019-05-24T13:55:51.497Z"
											}
									],
									"saleAvailable": true,
									"permissions": [
											{
													"createdAt": "2018-10-08T20:08:04.365Z",
													"selectAll": true,
													"id": "4128f056-2398-472c-96e9-c83df384e84f",
													"entity": "User",
													"updatedAt": "2019-05-24T13:55:51.509Z"
											},
											{
													"createdAt": "2018-10-08T20:08:04.365Z",
													"selectAll": true,
													"id": "110604e9-50ce-4f6f-aaed-a22e48587c4f",
													"entity": "Company",
													"updatedAt": "2019-05-24T13:55:51.510Z"
											}
									],
									"measurementUnitId": "bbe39851-e9d4-4f76-a13b-239fc01841a0",
									"id": "85d87b27-df68-4996-bcfd-d4534a4409b2",
									"updatedAt": "2019-05-24T13:55:51.511Z"
							},
							"permissions": [],
							"salesPrice": 60,
							"id": "8da8e813-4465-42c1-9846-b90fd9956fa5",
							"priceList": {
									"companyPermissions": [],
									"locationPermissions": [],
									"customerPermissions": [],
									"description": "Safra 2020",
									"id": "07034232-fa66-4a08-88a0-4ab73ec4de8a",
									"userPermissions": []
							},
							"pricesRange": []
					},
					{
							"product": {
									"measurementUnitDescription": "Quilograma",
									"note": "observação do arroz para ver se quebra linha no item do pedido",
									"saleFractioned": true,
									"images": [
											{
													"createdAt": "2019-03-19T16:31:28.967Z",
													"imageId": "1d5e5395-2de9-4317-aba2-22e1958893d3",
													"description": "arroz",
													"imageDefault": true,
													"id": "11d91c2f-6093-4aa6-bac4-9596ad1e6469",
													"imageOrder": 1,
													"updatedAt": "2019-05-24T13:55:51.505Z"
											}
									],
									"code": "PROD1",
									"suppliers": [],
									"costPrice": 56.36,
									"active": true,
									"description": "Arroz",
									"weight": 5,
									"availableForOpportunity": false,
									"createdAt": "2018-10-08T17:54:29.445Z",
									"measurementUnitAcronym": "kg",
									"packagings": [
											{
													"standard": false,
													"createdAt": "2019-05-20T17:01:31.271Z",
													"conversionFactor": 10,
													"packagingDescription": "Fardo",
													"id": "8649cb38-5d3f-49cc-a9a8-37857aae9557",
													"updatedAt": "2019-05-24T13:55:51.499Z"
											},
											{
													"standard": false,
													"createdAt": "2019-05-20T17:01:31.272Z",
													"conversionFactor": 12,
													"packagingDescription": "Caixa",
													"id": "e6de38ac-1db0-487b-a6e6-3494fa7c7361",
													"updatedAt": "2019-05-24T13:55:51.500Z"
											},
											{
													"standard": false,
													"createdAt": "2019-05-20T17:01:31.273Z",
													"conversionFactor": 3,
													"packagingDescription": "Caixa pequena",
													"id": "b1e92b37-e0ab-4e47-81dc-c9ceb3df1d40",
													"updatedAt": "2019-05-24T13:55:51.501Z"
											},
											{
													"standard": false,
													"createdAt": "2019-05-20T17:01:31.274Z",
													"conversionFactor": 5,
													"packagingDescription": "fardinho",
													"id": "ee23862b-1074-4a31-895e-2a22d3c04f26",
													"updatedAt": "2019-05-24T13:55:51.502Z"
											},
											{
													"standard": false,
													"createdAt": "2019-05-20T17:01:31.274Z",
													"conversionFactor": 50,
													"packagingDescription": "Fardo grande",
													"id": "39085a4f-3d99-4e0f-9821-91dfb24e43bf",
													"updatedAt": "2019-05-24T13:55:51.503Z"
											}
									],
									"productUsers": [],
									"companies": [],
									"productGroup": {
											"createdAt": "2018-10-08T20:05:56.707Z",
											"code": "04",
											"productGroupUpper": {
													"createdAt": "2018-10-08T19:28:40.030Z",
													"code": "GS",
													"saleAvailable": true,
													"active": true,
													"description": "Grupo superior",
													"id": "934a2d91-ae84-4646-800c-9b1bacb89d8d",
													"updatedAt": "2018-10-08T19:28:53.012Z"
											},
											"saleAvailable": true,
											"active": false,
											"description": "Produtos alimentícios",
											"id": "26634907-75d5-49a1-a555-87075d209cb2",
											"updatedAt": "2019-01-16T16:14:01.723Z"
									},
									"inventories": [
											{
													"companyTradingName": "WS",
													"createdAt": "2019-05-20T17:01:31.261Z",
													"companyId": "cb610f22-f6ca-4088-9bef-35461b021705",
													"quantity": 20,
													"companyName": "WS",
													"id": "f6ddd9ce-0d9e-4c52-9e3a-9419bee86b17",
													"updatedAt": "2019-05-24T13:55:51.495Z"
											},
											{
													"companyTradingName": "Bayer",
													"createdAt": "2019-05-20T17:01:31.262Z",
													"companyId": "c6fd5abe-6f16-4051-a8e5-a7458f923ffc",
													"quantity": 10,
													"companyName": "Bayer",
													"id": "f5c2eec5-bcdd-48b3-934e-1d09a3d12715",
													"updatedAt": "2019-05-24T13:55:51.497Z"
											}
									],
									"saleAvailable": true,
									"permissions": [
											{
													"createdAt": "2018-10-08T20:08:04.365Z",
													"selectAll": true,
													"id": "4128f056-2398-472c-96e9-c83df384e84f",
													"entity": "User",
													"updatedAt": "2019-05-24T13:55:51.509Z"
											},
											{
													"createdAt": "2018-10-08T20:08:04.365Z",
													"selectAll": true,
													"id": "110604e9-50ce-4f6f-aaed-a22e48587c4f",
													"entity": "Company",
													"updatedAt": "2019-05-24T13:55:51.510Z"
											}
									],
									"measurementUnitId": "bbe39851-e9d4-4f76-a13b-239fc01841a0",
									"id": "85d87b27-df68-4996-bcfd-d4534a4409b2",
									"updatedAt": "2019-05-24T13:55:51.511Z"
							},
							"maximumPrice": 80,
							"permissions": [],
							"salesPrice": 60,
							"costPrice": 56.36,
							"id": "4ae2c32c-aac7-4d29-a8b7-fe1c59894aab",
							"minimumPrice": 57,
							"priceList": {
									"companyPermissions": [],
									"locationPermissions": [],
									"customerPermissions": [],
									"description": "Janeiro 2019",
									"id": "d3ee059e-168f-4acc-a428-f9c851350cf8",
									"userPermissions": []
							},
							"pricesRange": [
									{
											"quantityPrice": 60,
											"id": "29cab9d6-a0a1-4621-85d5-322db666c29f",
											"minimumQuantity": 1,
											"maximumQuantity": 5
									},
									{
											"quantityPrice": 70,
											"id": "68c174b5-7bda-4c58-8130-d4336600c97b",
											"minimumQuantity": 6,
											"maximumQuantity": 10
									}
							]
					},
					{
							"product": {
									"measurementUnitDescription": "Quilograma",
									"note": "observação do arroz para ver se quebra linha no item do pedido",
									"saleFractioned": true,
									"images": [
											{
													"createdAt": "2019-03-19T16:31:28.967Z",
													"imageId": "1d5e5395-2de9-4317-aba2-22e1958893d3",
													"description": "arroz",
													"imageDefault": true,
													"id": "11d91c2f-6093-4aa6-bac4-9596ad1e6469",
													"imageOrder": 1,
													"updatedAt": "2019-05-24T13:55:51.505Z"
											}
									],
									"code": "PROD1",
									"suppliers": [],
									"costPrice": 56.36,
									"active": true,
									"description": "Arroz",
									"weight": 5,
									"availableForOpportunity": false,
									"createdAt": "2018-10-08T17:54:29.445Z",
									"measurementUnitAcronym": "kg",
									"packagings": [
											{
													"standard": false,
													"createdAt": "2019-05-20T17:01:31.271Z",
													"conversionFactor": 10,
													"packagingDescription": "Fardo",
													"id": "8649cb38-5d3f-49cc-a9a8-37857aae9557",
													"updatedAt": "2019-05-24T13:55:51.499Z"
											},
											{
													"standard": false,
													"createdAt": "2019-05-20T17:01:31.272Z",
													"conversionFactor": 12,
													"packagingDescription": "Caixa",
													"id": "e6de38ac-1db0-487b-a6e6-3494fa7c7361",
													"updatedAt": "2019-05-24T13:55:51.500Z"
											},
											{
													"standard": false,
													"createdAt": "2019-05-20T17:01:31.273Z",
													"conversionFactor": 3,
													"packagingDescription": "Caixa pequena",
													"id": "b1e92b37-e0ab-4e47-81dc-c9ceb3df1d40",
													"updatedAt": "2019-05-24T13:55:51.501Z"
											},
											{
													"standard": false,
													"createdAt": "2019-05-20T17:01:31.274Z",
													"conversionFactor": 5,
													"packagingDescription": "fardinho",
													"id": "ee23862b-1074-4a31-895e-2a22d3c04f26",
													"updatedAt": "2019-05-24T13:55:51.502Z"
											},
											{
													"standard": false,
													"createdAt": "2019-05-20T17:01:31.274Z",
													"conversionFactor": 50,
													"packagingDescription": "Fardo grande",
													"id": "39085a4f-3d99-4e0f-9821-91dfb24e43bf",
													"updatedAt": "2019-05-24T13:55:51.503Z"
											}
									],
									"productUsers": [],
									"companies": [],
									"productGroup": {
											"createdAt": "2018-10-08T20:05:56.707Z",
											"code": "04",
											"productGroupUpper": {
													"createdAt": "2018-10-08T19:28:40.030Z",
													"code": "GS",
													"saleAvailable": true,
													"active": true,
													"description": "Grupo superior",
													"id": "934a2d91-ae84-4646-800c-9b1bacb89d8d",
													"updatedAt": "2018-10-08T19:28:53.012Z"
											},
											"saleAvailable": true,
											"active": false,
											"description": "Produtos alimentícios",
											"id": "26634907-75d5-49a1-a555-87075d209cb2",
											"updatedAt": "2019-01-16T16:14:01.723Z"
									},
									"inventories": [
											{
													"companyTradingName": "WS",
													"createdAt": "2019-05-20T17:01:31.261Z",
													"companyId": "cb610f22-f6ca-4088-9bef-35461b021705",
													"quantity": 20,
													"companyName": "WS",
													"id": "f6ddd9ce-0d9e-4c52-9e3a-9419bee86b17",
													"updatedAt": "2019-05-24T13:55:51.495Z"
											},
											{
													"companyTradingName": "Bayer",
													"createdAt": "2019-05-20T17:01:31.262Z",
													"companyId": "c6fd5abe-6f16-4051-a8e5-a7458f923ffc",
													"quantity": 10,
													"companyName": "Bayer",
													"id": "f5c2eec5-bcdd-48b3-934e-1d09a3d12715",
													"updatedAt": "2019-05-24T13:55:51.497Z"
											}
									],
									"saleAvailable": true,
									"permissions": [
											{
													"createdAt": "2018-10-08T20:08:04.365Z",
													"selectAll": true,
													"id": "4128f056-2398-472c-96e9-c83df384e84f",
													"entity": "User",
													"updatedAt": "2019-05-24T13:55:51.509Z"
											},
											{
													"createdAt": "2018-10-08T20:08:04.365Z",
													"selectAll": true,
													"id": "110604e9-50ce-4f6f-aaed-a22e48587c4f",
													"entity": "Company",
													"updatedAt": "2019-05-24T13:55:51.510Z"
											}
									],
									"measurementUnitId": "bbe39851-e9d4-4f76-a13b-239fc01841a0",
									"id": "85d87b27-df68-4996-bcfd-d4534a4409b2",
									"updatedAt": "2019-05-24T13:55:51.511Z"
							},
							"permissions": [],
							"salesPrice": 11,
							"id": "56ed4c82-d80f-4fa7-b82e-c7053a7eb193",
							"priceList": {
									"companyPermissions": [],
									"locationPermissions": [],
									"customerPermissions": [],
									"description": "serviço",
									"id": "d2ecd319-6f61-4b4d-9a74-0dc6189f9c73",
									"userPermissions": []
							},
							"pricesRange": []
					},
					{
							"product": {
									"measurementUnitDescription": "Quilograma",
									"note": "observação do arroz para ver se quebra linha no item do pedido",
									"saleFractioned": true,
									"images": [
											{
													"createdAt": "2019-03-19T16:31:28.967Z",
													"imageId": "1d5e5395-2de9-4317-aba2-22e1958893d3",
													"description": "arroz",
													"imageDefault": true,
													"id": "11d91c2f-6093-4aa6-bac4-9596ad1e6469",
													"imageOrder": 1,
													"updatedAt": "2019-05-24T13:55:51.505Z"
											}
									],
									"code": "PROD1",
									"suppliers": [],
									"costPrice": 56.36,
									"active": true,
									"description": "Arroz",
									"weight": 5,
									"availableForOpportunity": false,
									"createdAt": "2018-10-08T17:54:29.445Z",
									"measurementUnitAcronym": "kg",
									"packagings": [
											{
													"standard": false,
													"createdAt": "2019-05-20T17:01:31.271Z",
													"conversionFactor": 10,
													"packagingDescription": "Fardo",
													"id": "8649cb38-5d3f-49cc-a9a8-37857aae9557",
													"updatedAt": "2019-05-24T13:55:51.499Z"
											},
											{
													"standard": false,
													"createdAt": "2019-05-20T17:01:31.272Z",
													"conversionFactor": 12,
													"packagingDescription": "Caixa",
													"id": "e6de38ac-1db0-487b-a6e6-3494fa7c7361",
													"updatedAt": "2019-05-24T13:55:51.500Z"
											},
											{
													"standard": false,
													"createdAt": "2019-05-20T17:01:31.273Z",
													"conversionFactor": 3,
													"packagingDescription": "Caixa pequena",
													"id": "b1e92b37-e0ab-4e47-81dc-c9ceb3df1d40",
													"updatedAt": "2019-05-24T13:55:51.501Z"
											},
											{
													"standard": false,
													"createdAt": "2019-05-20T17:01:31.274Z",
													"conversionFactor": 5,
													"packagingDescription": "fardinho",
													"id": "ee23862b-1074-4a31-895e-2a22d3c04f26",
													"updatedAt": "2019-05-24T13:55:51.502Z"
											},
											{
													"standard": false,
													"createdAt": "2019-05-20T17:01:31.274Z",
													"conversionFactor": 50,
													"packagingDescription": "Fardo grande",
													"id": "39085a4f-3d99-4e0f-9821-91dfb24e43bf",
													"updatedAt": "2019-05-24T13:55:51.503Z"
											}
									],
									"productUsers": [],
									"companies": [],
									"productGroup": {
											"createdAt": "2018-10-08T20:05:56.707Z",
											"code": "04",
											"productGroupUpper": {
													"createdAt": "2018-10-08T19:28:40.030Z",
													"code": "GS",
													"saleAvailable": true,
													"active": true,
													"description": "Grupo superior",
													"id": "934a2d91-ae84-4646-800c-9b1bacb89d8d",
													"updatedAt": "2018-10-08T19:28:53.012Z"
											},
											"saleAvailable": true,
											"active": false,
											"description": "Produtos alimentícios",
											"id": "26634907-75d5-49a1-a555-87075d209cb2",
											"updatedAt": "2019-01-16T16:14:01.723Z"
									},
									"inventories": [
											{
													"companyTradingName": "WS",
													"createdAt": "2019-05-20T17:01:31.261Z",
													"companyId": "cb610f22-f6ca-4088-9bef-35461b021705",
													"quantity": 20,
													"companyName": "WS",
													"id": "f6ddd9ce-0d9e-4c52-9e3a-9419bee86b17",
													"updatedAt": "2019-05-24T13:55:51.495Z"
											},
											{
													"companyTradingName": "Bayer",
													"createdAt": "2019-05-20T17:01:31.262Z",
													"companyId": "c6fd5abe-6f16-4051-a8e5-a7458f923ffc",
													"quantity": 10,
													"companyName": "Bayer",
													"id": "f5c2eec5-bcdd-48b3-934e-1d09a3d12715",
													"updatedAt": "2019-05-24T13:55:51.497Z"
											}
									],
									"saleAvailable": true,
									"permissions": [
											{
													"createdAt": "2018-10-08T20:08:04.365Z",
													"selectAll": true,
													"id": "4128f056-2398-472c-96e9-c83df384e84f",
													"entity": "User",
													"updatedAt": "2019-05-24T13:55:51.509Z"
											},
											{
													"createdAt": "2018-10-08T20:08:04.365Z",
													"selectAll": true,
													"id": "110604e9-50ce-4f6f-aaed-a22e48587c4f",
													"entity": "Company",
													"updatedAt": "2019-05-24T13:55:51.510Z"
											}
									],
									"measurementUnitId": "bbe39851-e9d4-4f76-a13b-239fc01841a0",
									"id": "85d87b27-df68-4996-bcfd-d4534a4409b2",
									"updatedAt": "2019-05-24T13:55:51.511Z"
							},
							"permissions": [],
							"salesPrice": 60,
							"id": "caca4c3f-e57d-40cd-a2d4-cb60aff465a9",
							"priceList": {
									"companyPermissions": [],
									"locationPermissions": [],
									"customerPermissions": [],
									"description": "nova de liberação de versão",
									"id": "c050c109-d203-4fa7-aec3-b092a8a9c3b1",
									"userPermissions": []
							},
							"pricesRange": []
					},
					{
							"product": {
									"measurementUnitDescription": "Quilograma",
									"note": "observação do arroz para ver se quebra linha no item do pedido",
									"saleFractioned": true,
									"images": [
											{
													"createdAt": "2019-03-19T16:31:28.967Z",
													"imageId": "1d5e5395-2de9-4317-aba2-22e1958893d3",
													"description": "arroz",
													"imageDefault": true,
													"id": "11d91c2f-6093-4aa6-bac4-9596ad1e6469",
													"imageOrder": 1,
													"updatedAt": "2019-05-24T13:55:51.505Z"
											}
									],
									"code": "PROD1",
									"suppliers": [],
									"costPrice": 56.36,
									"active": true,
									"description": "Arroz",
									"weight": 5,
									"availableForOpportunity": false,
									"createdAt": "2018-10-08T17:54:29.445Z",
									"measurementUnitAcronym": "kg",
									"packagings": [
											{
													"standard": false,
													"createdAt": "2019-05-20T17:01:31.271Z",
													"conversionFactor": 10,
													"packagingDescription": "Fardo",
													"id": "8649cb38-5d3f-49cc-a9a8-37857aae9557",
													"updatedAt": "2019-05-24T13:55:51.499Z"
											},
											{
													"standard": false,
													"createdAt": "2019-05-20T17:01:31.272Z",
													"conversionFactor": 12,
													"packagingDescription": "Caixa",
													"id": "e6de38ac-1db0-487b-a6e6-3494fa7c7361",
													"updatedAt": "2019-05-24T13:55:51.500Z"
											},
											{
													"standard": false,
													"createdAt": "2019-05-20T17:01:31.273Z",
													"conversionFactor": 3,
													"packagingDescription": "Caixa pequena",
													"id": "b1e92b37-e0ab-4e47-81dc-c9ceb3df1d40",
													"updatedAt": "2019-05-24T13:55:51.501Z"
											},
											{
													"standard": false,
													"createdAt": "2019-05-20T17:01:31.274Z",
													"conversionFactor": 5,
													"packagingDescription": "fardinho",
													"id": "ee23862b-1074-4a31-895e-2a22d3c04f26",
													"updatedAt": "2019-05-24T13:55:51.502Z"
											},
											{
													"standard": false,
													"createdAt": "2019-05-20T17:01:31.274Z",
													"conversionFactor": 50,
													"packagingDescription": "Fardo grande",
													"id": "39085a4f-3d99-4e0f-9821-91dfb24e43bf",
													"updatedAt": "2019-05-24T13:55:51.503Z"
											}
									],
									"productUsers": [],
									"companies": [],
									"productGroup": {
											"createdAt": "2018-10-08T20:05:56.707Z",
											"code": "04",
											"productGroupUpper": {
													"createdAt": "2018-10-08T19:28:40.030Z",
													"code": "GS",
													"saleAvailable": true,
													"active": true,
													"description": "Grupo superior",
													"id": "934a2d91-ae84-4646-800c-9b1bacb89d8d",
													"updatedAt": "2018-10-08T19:28:53.012Z"
											},
											"saleAvailable": true,
											"active": false,
											"description": "Produtos alimentícios",
											"id": "26634907-75d5-49a1-a555-87075d209cb2",
											"updatedAt": "2019-01-16T16:14:01.723Z"
									},
									"inventories": [
											{
													"companyTradingName": "WS",
													"createdAt": "2019-05-20T17:01:31.261Z",
													"companyId": "cb610f22-f6ca-4088-9bef-35461b021705",
													"quantity": 20,
													"companyName": "WS",
													"id": "f6ddd9ce-0d9e-4c52-9e3a-9419bee86b17",
													"updatedAt": "2019-05-24T13:55:51.495Z"
											},
											{
													"companyTradingName": "Bayer",
													"createdAt": "2019-05-20T17:01:31.262Z",
													"companyId": "c6fd5abe-6f16-4051-a8e5-a7458f923ffc",
													"quantity": 10,
													"companyName": "Bayer",
													"id": "f5c2eec5-bcdd-48b3-934e-1d09a3d12715",
													"updatedAt": "2019-05-24T13:55:51.497Z"
											}
									],
									"saleAvailable": true,
									"permissions": [
											{
													"createdAt": "2018-10-08T20:08:04.365Z",
													"selectAll": true,
													"id": "4128f056-2398-472c-96e9-c83df384e84f",
													"entity": "User",
													"updatedAt": "2019-05-24T13:55:51.509Z"
											},
											{
													"createdAt": "2018-10-08T20:08:04.365Z",
													"selectAll": true,
													"id": "110604e9-50ce-4f6f-aaed-a22e48587c4f",
													"entity": "Company",
													"updatedAt": "2019-05-24T13:55:51.510Z"
											}
									],
									"measurementUnitId": "bbe39851-e9d4-4f76-a13b-239fc01841a0",
									"id": "85d87b27-df68-4996-bcfd-d4534a4409b2",
									"updatedAt": "2019-05-24T13:55:51.511Z"
							},
							"maximumPrice": 65.98,
							"permissions": [],
							"salesPrice": 58.77,
							"id": "a9c0be7f-13a4-4206-b390-6e4d62d99c51",
							"minimumPrice": 50.55,
							"priceList": {
									"companyPermissions": [],
									"locationPermissions": [],
									"customerPermissions": [],
									"description": "dia das mães",
									"id": "545b5633-7f28-4ac2-ae41-9e9676b369e7",
									"userPermissions": []
							},
							"pricesRange": []
					}
			],
			"_btbnumero": "1.000000",
			"id": "85d87b27-df68-4996-bcfd-d4534a4409b2",
			"_btbboolean": false
	},
	{
			"saleFractioned": false,
			"images": [
					{
							"imageId": "1aec04e3-fa8b-4a75-ab93-5f320250080e",
							"description": "sdf",
							"imageDefault": true,
							"id": "64e9c15f-1ed2-4c05-bd96-b9967bfd886c",
							"imageOrder": 1
					}
			],
			"code": "PROD2",
			"suppliers": [
					{
							"active": true,
							"description": "Distribuidora WS",
							"id": "5e3fe98a-6b71-4b98-be14-b9db5e1c9398"
					}
			],
			"costPrice": 2,
			"active": true,
			"description": "BATATA",
			"weight": 12,
			"measurementUnit": {
					"acronym": "kg",
					"description": "Quilograma",
					"id": "bbe39851-e9d4-4f76-a13b-239fc01841a0"
			},
			"manufacturer": {
					"active": true,
					"description": "Agro 100",
					"id": "128055c6-641e-4863-b9d0-84149df93dab"
			},
			"availableForOpportunity": false,
			"packagings": [
					{
							"standard": false,
							"conversionFactor": 50,
							"description": "Saco",
							"id": "0522e8b5-e67f-42c8-8525-db6ebd860a71"
					},
					{
							"standard": false,
							"conversionFactor": 10,
							"description": "Pacote",
							"id": "f75b61c0-30ec-4dcf-9d1e-6addd5a4350e"
					}
			],
			"productGroup": {
					"code": "04",
					"productGroupUpper": {
							"code": "GS",
							"saleAvailable": true,
							"active": true,
							"description": "Grupo superior",
							"id": "934a2d91-ae84-4646-800c-9b1bacb89d8d"
					},
					"saleAvailable": true,
					"active": false,
					"description": "Produtos alimentícios",
					"id": "26634907-75d5-49a1-a555-87075d209cb2"
			},
			"inventories": [
					{
							"quantity": 2,
							"company": {
									"tradingName": "Wealth Systems",
									"name": "Wealth Systems Informática",
									"id": "0299c7f6-3b4b-4e63-b0ad-1fcc86205322"
							},
							"id": "6cc18a11-192a-4122-9803-2ecf503b782e"
					},
					{
							"quantity": 50,
							"company": {
									"tradingName": "WS",
									"name": "WS",
									"id": "cb610f22-f6ca-4088-9bef-35461b021705"
							},
							"id": "fb725792-db08-435f-ac90-202f601612d9"
					},
					{
							"quantity": 1,
							"company": {
									"tradingName": "Wealth Systems",
									"name": "Wealth Systems Informática",
									"id": "0299c7f6-3b4b-4e63-b0ad-1fcc86205322"
							},
							"id": "24e339f5-944b-4e25-969b-bfecc57326f0"
					}
			],
			"saleAvailable": true,
			"permissions": [],
			"priceListItems": [
					{
							"product": {
									"measurementUnitDescription": "Quilograma",
									"saleFractioned": false,
									"images": [
											{
													"createdAt": "2019-02-26T18:00:47.513Z",
													"imageId": "1aec04e3-fa8b-4a75-ab93-5f320250080e",
													"description": "sdf",
													"imageDefault": true,
													"id": "64e9c15f-1ed2-4c05-bd96-b9967bfd886c",
													"imageOrder": 1,
													"updatedAt": "2019-05-21T12:00:39.435Z"
											}
									],
									"code": "PROD2",
									"suppliers": [
											{
													"createdAt": "2018-10-10T17:39:30.780Z",
													"active": true,
													"description": "Distribuidora WS",
													"id": "5e3fe98a-6b71-4b98-be14-b9db5e1c9398",
													"updatedAt": "2019-05-09T19:13:54.923Z"
											}
									],
									"costPrice": 2,
									"active": true,
									"description": "BATATA",
									"weight": 12,
									"manufacturer": {
											"description": "Agro 100",
											"id": "128055c6-641e-4863-b9d0-84149df93dab"
									},
									"availableForOpportunity": false,
									"createdAt": "2019-02-26T17:51:13.523Z",
									"measurementUnitAcronym": "kg",
									"packagings": [
											{
													"standard": false,
													"createdAt": "2019-05-21T12:00:39.397Z",
													"conversionFactor": 50,
													"packagingDescription": "Saco",
													"id": "0522e8b5-e67f-42c8-8525-db6ebd860a71",
													"updatedAt": "2019-05-21T12:00:39.397Z"
											},
											{
													"standard": false,
													"createdAt": "2019-05-21T12:00:39.411Z",
													"conversionFactor": 10,
													"packagingDescription": "Pacote",
													"id": "f75b61c0-30ec-4dcf-9d1e-6addd5a4350e",
													"updatedAt": "2019-05-21T12:00:39.411Z"
											}
									],
									"productUsers": [],
									"companies": [],
									"productGroup": {
											"createdAt": "2018-10-08T20:05:56.707Z",
											"code": "04",
											"productGroupUpper": {
													"createdAt": "2018-10-08T19:28:40.030Z",
													"code": "GS",
													"saleAvailable": true,
													"active": true,
													"description": "Grupo superior",
													"id": "934a2d91-ae84-4646-800c-9b1bacb89d8d",
													"updatedAt": "2018-10-08T19:28:53.012Z"
											},
											"saleAvailable": true,
											"active": false,
											"description": "Produtos alimentícios",
											"id": "26634907-75d5-49a1-a555-87075d209cb2",
											"updatedAt": "2019-01-16T16:14:01.723Z"
									},
									"inventories": [
											{
													"companyTradingName": "Wealth Systems",
													"createdAt": "2019-05-21T12:00:38.829Z",
													"companyId": "0299c7f6-3b4b-4e63-b0ad-1fcc86205322",
													"quantity": 2,
													"companyName": "Wealth Systems Informática",
													"id": "6cc18a11-192a-4122-9803-2ecf503b782e",
													"updatedAt": "2019-05-21T12:00:38.829Z"
											},
											{
													"companyTradingName": "WS",
													"createdAt": "2019-05-21T12:00:38.831Z",
													"companyId": "cb610f22-f6ca-4088-9bef-35461b021705",
													"quantity": 50,
													"companyName": "WS",
													"id": "fb725792-db08-435f-ac90-202f601612d9",
													"updatedAt": "2019-05-21T12:00:38.831Z"
											},
											{
													"companyTradingName": "Wealth Systems",
													"createdAt": "2019-05-21T12:00:38.832Z",
													"companyId": "0299c7f6-3b4b-4e63-b0ad-1fcc86205322",
													"quantity": 1,
													"companyName": "Wealth Systems Informática",
													"id": "24e339f5-944b-4e25-969b-bfecc57326f0",
													"updatedAt": "2019-05-21T12:00:38.832Z"
											}
									],
									"saleAvailable": true,
									"permissions": [],
									"measurementUnitId": "bbe39851-e9d4-4f76-a13b-239fc01841a0",
									"id": "c9e1c275-f23a-4a60-9689-8c064c9c75ea",
									"updatedAt": "2019-05-21T12:00:39.436Z"
							},
							"permissions": [],
							"salesPrice": 50,
							"id": "aa69b6e3-e448-4752-ab4d-ec710a2ed564",
							"priceList": {
									"companyPermissions": [],
									"locationPermissions": [],
									"customerPermissions": [],
									"description": "Safra 2020",
									"id": "07034232-fa66-4a08-88a0-4ab73ec4de8a",
									"userPermissions": []
							},
							"pricesRange": []
					},
					{
							"product": {
									"measurementUnitDescription": "Quilograma",
									"saleFractioned": false,
									"images": [
											{
													"createdAt": "2019-02-26T18:00:47.513Z",
													"imageId": "1aec04e3-fa8b-4a75-ab93-5f320250080e",
													"description": "sdf",
													"imageDefault": true,
													"id": "64e9c15f-1ed2-4c05-bd96-b9967bfd886c",
													"imageOrder": 1,
													"updatedAt": "2019-05-21T12:00:39.435Z"
											}
									],
									"code": "PROD2",
									"suppliers": [
											{
													"createdAt": "2018-10-10T17:39:30.780Z",
													"active": true,
													"description": "Distribuidora WS",
													"id": "5e3fe98a-6b71-4b98-be14-b9db5e1c9398",
													"updatedAt": "2019-05-09T19:13:54.923Z"
											}
									],
									"costPrice": 2,
									"active": true,
									"description": "BATATA",
									"weight": 12,
									"manufacturer": {
											"description": "Agro 100",
											"id": "128055c6-641e-4863-b9d0-84149df93dab"
									},
									"availableForOpportunity": false,
									"createdAt": "2019-02-26T17:51:13.523Z",
									"measurementUnitAcronym": "kg",
									"packagings": [
											{
													"standard": false,
													"createdAt": "2019-05-21T12:00:39.397Z",
													"conversionFactor": 50,
													"packagingDescription": "Saco",
													"id": "0522e8b5-e67f-42c8-8525-db6ebd860a71",
													"updatedAt": "2019-05-21T12:00:39.397Z"
											},
											{
													"standard": false,
													"createdAt": "2019-05-21T12:00:39.411Z",
													"conversionFactor": 10,
													"packagingDescription": "Pacote",
													"id": "f75b61c0-30ec-4dcf-9d1e-6addd5a4350e",
													"updatedAt": "2019-05-21T12:00:39.411Z"
											}
									],
									"productUsers": [],
									"companies": [],
									"productGroup": {
											"createdAt": "2018-10-08T20:05:56.707Z",
											"code": "04",
											"productGroupUpper": {
													"createdAt": "2018-10-08T19:28:40.030Z",
													"code": "GS",
													"saleAvailable": true,
													"active": true,
													"description": "Grupo superior",
													"id": "934a2d91-ae84-4646-800c-9b1bacb89d8d",
													"updatedAt": "2018-10-08T19:28:53.012Z"
											},
											"saleAvailable": true,
											"active": false,
											"description": "Produtos alimentícios",
											"id": "26634907-75d5-49a1-a555-87075d209cb2",
											"updatedAt": "2019-01-16T16:14:01.723Z"
									},
									"inventories": [
											{
													"companyTradingName": "Wealth Systems",
													"createdAt": "2019-05-21T12:00:38.829Z",
													"companyId": "0299c7f6-3b4b-4e63-b0ad-1fcc86205322",
													"quantity": 2,
													"companyName": "Wealth Systems Informática",
													"id": "6cc18a11-192a-4122-9803-2ecf503b782e",
													"updatedAt": "2019-05-21T12:00:38.829Z"
											},
											{
													"companyTradingName": "WS",
													"createdAt": "2019-05-21T12:00:38.831Z",
													"companyId": "cb610f22-f6ca-4088-9bef-35461b021705",
													"quantity": 50,
													"companyName": "WS",
													"id": "fb725792-db08-435f-ac90-202f601612d9",
													"updatedAt": "2019-05-21T12:00:38.831Z"
											},
											{
													"companyTradingName": "Wealth Systems",
													"createdAt": "2019-05-21T12:00:38.832Z",
													"companyId": "0299c7f6-3b4b-4e63-b0ad-1fcc86205322",
													"quantity": 1,
													"companyName": "Wealth Systems Informática",
													"id": "24e339f5-944b-4e25-969b-bfecc57326f0",
													"updatedAt": "2019-05-21T12:00:38.832Z"
											}
									],
									"saleAvailable": true,
									"permissions": [],
									"measurementUnitId": "bbe39851-e9d4-4f76-a13b-239fc01841a0",
									"id": "c9e1c275-f23a-4a60-9689-8c064c9c75ea",
									"updatedAt": "2019-05-21T12:00:39.436Z"
							},
							"permissions": [],
							"salesPrice": 5.36,
							"id": "10dad3dc-d8ed-434c-870d-d5a559364d85",
							"priceList": {
									"companyPermissions": [],
									"locationPermissions": [],
									"customerPermissions": [],
									"description": "Tabela preço do caminho critico - Não alterar",
									"id": "36516ca1-21a3-454f-b971-ad00c78edda2",
									"userPermissions": []
							},
							"pricesRange": []
					},
					{
							"product": {
									"measurementUnitDescription": "Quilograma",
									"saleFractioned": false,
									"images": [
											{
													"createdAt": "2019-02-26T18:00:47.513Z",
													"imageId": "1aec04e3-fa8b-4a75-ab93-5f320250080e",
													"description": "sdf",
													"imageDefault": true,
													"id": "64e9c15f-1ed2-4c05-bd96-b9967bfd886c",
													"imageOrder": 1,
													"updatedAt": "2019-05-21T12:00:39.435Z"
											}
									],
									"code": "PROD2",
									"suppliers": [
											{
													"createdAt": "2018-10-10T17:39:30.780Z",
													"active": true,
													"description": "Distribuidora WS",
													"id": "5e3fe98a-6b71-4b98-be14-b9db5e1c9398",
													"updatedAt": "2019-05-09T19:13:54.923Z"
											}
									],
									"costPrice": 2,
									"active": true,
									"description": "BATATA",
									"weight": 12,
									"manufacturer": {
											"description": "Agro 100",
											"id": "128055c6-641e-4863-b9d0-84149df93dab"
									},
									"availableForOpportunity": false,
									"createdAt": "2019-02-26T17:51:13.523Z",
									"measurementUnitAcronym": "kg",
									"packagings": [
											{
													"standard": false,
													"createdAt": "2019-05-21T12:00:39.397Z",
													"conversionFactor": 50,
													"packagingDescription": "Saco",
													"id": "0522e8b5-e67f-42c8-8525-db6ebd860a71",
													"updatedAt": "2019-05-21T12:00:39.397Z"
											},
											{
													"standard": false,
													"createdAt": "2019-05-21T12:00:39.411Z",
													"conversionFactor": 10,
													"packagingDescription": "Pacote",
													"id": "f75b61c0-30ec-4dcf-9d1e-6addd5a4350e",
													"updatedAt": "2019-05-21T12:00:39.411Z"
											}
									],
									"productUsers": [],
									"companies": [],
									"productGroup": {
											"createdAt": "2018-10-08T20:05:56.707Z",
											"code": "04",
											"productGroupUpper": {
													"createdAt": "2018-10-08T19:28:40.030Z",
													"code": "GS",
													"saleAvailable": true,
													"active": true,
													"description": "Grupo superior",
													"id": "934a2d91-ae84-4646-800c-9b1bacb89d8d",
													"updatedAt": "2018-10-08T19:28:53.012Z"
											},
											"saleAvailable": true,
											"active": false,
											"description": "Produtos alimentícios",
											"id": "26634907-75d5-49a1-a555-87075d209cb2",
											"updatedAt": "2019-01-16T16:14:01.723Z"
									},
									"inventories": [
											{
													"companyTradingName": "Wealth Systems",
													"createdAt": "2019-05-21T12:00:38.829Z",
													"companyId": "0299c7f6-3b4b-4e63-b0ad-1fcc86205322",
													"quantity": 2,
													"companyName": "Wealth Systems Informática",
													"id": "6cc18a11-192a-4122-9803-2ecf503b782e",
													"updatedAt": "2019-05-21T12:00:38.829Z"
											},
											{
													"companyTradingName": "WS",
													"createdAt": "2019-05-21T12:00:38.831Z",
													"companyId": "cb610f22-f6ca-4088-9bef-35461b021705",
													"quantity": 50,
													"companyName": "WS",
													"id": "fb725792-db08-435f-ac90-202f601612d9",
													"updatedAt": "2019-05-21T12:00:38.831Z"
											},
											{
													"companyTradingName": "Wealth Systems",
													"createdAt": "2019-05-21T12:00:38.832Z",
													"companyId": "0299c7f6-3b4b-4e63-b0ad-1fcc86205322",
													"quantity": 1,
													"companyName": "Wealth Systems Informática",
													"id": "24e339f5-944b-4e25-969b-bfecc57326f0",
													"updatedAt": "2019-05-21T12:00:38.832Z"
											}
									],
									"saleAvailable": true,
									"permissions": [],
									"measurementUnitId": "bbe39851-e9d4-4f76-a13b-239fc01841a0",
									"id": "c9e1c275-f23a-4a60-9689-8c064c9c75ea",
									"updatedAt": "2019-05-21T12:00:39.436Z"
							},
							"permissions": [],
							"salesPrice": 60,
							"id": "5f286844-b7dc-4f2a-8d1a-9a73ce9e938e",
							"priceList": {
									"companyPermissions": [],
									"locationPermissions": [],
									"customerPermissions": [],
									"description": "tab critica",
									"id": "c48bb435-0434-409a-8054-4dd0c312b622",
									"userPermissions": []
							},
							"pricesRange": []
					}
			],
			"id": "c9e1c275-f23a-4a60-9689-8c064c9c75ea",
			"_btbboolean": false
		}
	],
	"services": [
		{
			"id": "397f17e8-3a0c-4080-a51a-436ac4000832",
			"active": true,
			"code": "TRE2",
			"description": "Treinamento 2",
			"recurrencesType": []
		},
		{
			"id": "f5d343dd-a4d3-4c39-b9a9-453a82676c44",
			"active": true,
			"code": "TRE1",
			"description": "Treinamento 1",
			"recurrencesType": []
		}
	],
	"order-types": [
		{
			"id": "b213daa0-c701-4bac-a49c-2b7dffcb7c25",
			"active": true,
			"standard": false,
			"availableFirstOrder": false,
			"description": "Amostra"
		}
	],
	"payment-terms": [
		{
			"id": "83fe4e39-382f-426c-979f-b67705ad8425",
			"active": true,
			"standard": false,
			"availableFirstOrder": false,
			"description": "30 dias",
			"acronym": "30DIAS",
			"companyPermissions": [],
			"customerPermissions": [],
			"locationPermissions": [],
			"userPermissions": [],
			"maxNumberInstalment": 5,
			"daysBetweenInstalment": 10,
			"instalmentNumber": 5,
			"middleTerm": 10,
			"allowChangeDueDate": true
		}
	],
	"payment-methods": [
		{
			"id": "223e70b3-4cf3-4607-a2d6-62f732ce4d32",
			"active": true,
			"standard": true,
			"availableFirstOrder": false,
			"description": "Boleto"
		}
	],
	"price-lists": [
		{
			"id": "36516ca1-21a3-454f-b971-ad00c78edda2",
			"active": true,
			"description": "Tabela preço do caminho critico - Não alterar",
			"code": "TPCCNA",
			"items": [
					{
							"id": "7e550f42-ca2e-4ab2-a2fd-fe3436664cbc",
							"product": {
									"id": "85d87b27-df68-4996-bcfd-d4534a4409b2",
									"createdAt": "2018-10-08T17:54:29.445Z",
									"updatedAt": "2019-05-24T13:55:51.511Z",
									"productGroup": {
											"id": "26634907-75d5-49a1-a555-87075d209cb2",
											"createdAt": "2018-10-08T20:05:56.707Z",
											"updatedAt": "2019-01-16T16:14:01.723Z",
											"productGroupUpper": {
													"id": "934a2d91-ae84-4646-800c-9b1bacb89d8d",
													"createdAt": "2018-10-08T19:28:40.030Z",
													"updatedAt": "2018-10-08T19:28:53.012Z",
													"active": true,
													"description": "Grupo superior",
													"code": "GS",
													"saleAvailable": true
											},
											"active": false,
											"description": "Produtos alimentícios",
											"code": "04",
											"saleAvailable": true
									},
									"suppliers": [],
									"measurementUnitId": "bbe39851-e9d4-4f76-a13b-239fc01841a0",
									"measurementUnitAcronym": "kg",
									"measurementUnitDescription": "Quilograma",
									"active": true,
									"description": "Arroz",
									"code": "PROD1",
									"note": "observação do arroz para ver se quebra linha no item do pedido",
									"saleAvailable": true,
									"weight": 5,
									"saleFractioned": true,
									"costPrice": 56.36,
									"inventories": [
											{
													"id": "f6ddd9ce-0d9e-4c52-9e3a-9419bee86b17",
													"createdAt": "2019-05-20T17:01:31.261Z",
													"updatedAt": "2019-05-24T13:55:51.495Z",
													"quantity": 20,
													"companyId": "cb610f22-f6ca-4088-9bef-35461b021705",
													"companyName": "WS",
													"companyTradingName": "WS"
											},
											{
													"id": "f5c2eec5-bcdd-48b3-934e-1d09a3d12715",
													"createdAt": "2019-05-20T17:01:31.262Z",
													"updatedAt": "2019-05-24T13:55:51.497Z",
													"quantity": 10,
													"companyId": "c6fd5abe-6f16-4051-a8e5-a7458f923ffc",
													"companyName": "Bayer",
													"companyTradingName": "Bayer"
											}
									],
									"packagings": [
											{
													"id": "8649cb38-5d3f-49cc-a9a8-37857aae9557",
													"createdAt": "2019-05-20T17:01:31.271Z",
													"updatedAt": "2019-05-24T13:55:51.499Z",
													"packagingDescription": "Fardo",
													"conversionFactor": 10,
													"standard": false
											},
											{
													"id": "e6de38ac-1db0-487b-a6e6-3494fa7c7361",
													"createdAt": "2019-05-20T17:01:31.272Z",
													"updatedAt": "2019-05-24T13:55:51.500Z",
													"packagingDescription": "Caixa",
													"conversionFactor": 12,
													"standard": false
											},
											{
													"id": "b1e92b37-e0ab-4e47-81dc-c9ceb3df1d40",
													"createdAt": "2019-05-20T17:01:31.273Z",
													"updatedAt": "2019-05-24T13:55:51.501Z",
													"packagingDescription": "Caixa pequena",
													"conversionFactor": 3,
													"standard": false
											},
											{
													"id": "ee23862b-1074-4a31-895e-2a22d3c04f26",
													"createdAt": "2019-05-20T17:01:31.274Z",
													"updatedAt": "2019-05-24T13:55:51.502Z",
													"packagingDescription": "fardinho",
													"conversionFactor": 5,
													"standard": false
											},
											{
													"id": "39085a4f-3d99-4e0f-9821-91dfb24e43bf",
													"createdAt": "2019-05-20T17:01:31.274Z",
													"updatedAt": "2019-05-24T13:55:51.503Z",
													"packagingDescription": "Fardo grande",
													"conversionFactor": 50,
													"standard": false
											}
									],
									"images": [
											{
													"id": "11d91c2f-6093-4aa6-bac4-9596ad1e6469",
													"createdAt": "2019-03-19T16:31:28.967Z",
													"updatedAt": "2019-05-24T13:55:51.505Z",
													"imageId": "1d5e5395-2de9-4317-aba2-22e1958893d3",
													"imageDefault": true,
													"imageOrder": 1,
													"description": "arroz"
											}
									],
									"productUsers": [],
									"companies": [],
									"permissions": [
											{
													"id": "4128f056-2398-472c-96e9-c83df384e84f",
													"createdAt": "2018-10-08T20:08:04.365Z",
													"updatedAt": "2019-05-24T13:55:51.509Z",
													"entity": "User",
													"selectAll": true
											},
											{
													"id": "110604e9-50ce-4f6f-aaed-a22e48587c4f",
													"createdAt": "2018-10-08T20:08:04.365Z",
													"updatedAt": "2019-05-24T13:55:51.510Z",
													"entity": "Company",
													"selectAll": true
											}
									],
									"availableForOpportunity": false
							},
							"priceList": {
									"id": "36516ca1-21a3-454f-b971-ad00c78edda2",
									"description": "Tabela preço do caminho critico - Não alterar",
									"companyPermissions": [],
									"customerPermissions": [],
									"locationPermissions": [],
									"userPermissions": []
							},
							"salesPrice": 57,
							"permissions": [],
							"pricesRange": []
					},
					{
							"id": "10dad3dc-d8ed-434c-870d-d5a559364d85",
							"product": {
									"id": "c9e1c275-f23a-4a60-9689-8c064c9c75ea",
									"createdAt": "2019-02-26T17:51:13.523Z",
									"updatedAt": "2019-05-21T12:00:39.436Z",
									"productGroup": {
											"id": "26634907-75d5-49a1-a555-87075d209cb2",
											"createdAt": "2018-10-08T20:05:56.707Z",
											"updatedAt": "2019-01-16T16:14:01.723Z",
											"productGroupUpper": {
													"id": "934a2d91-ae84-4646-800c-9b1bacb89d8d",
													"createdAt": "2018-10-08T19:28:40.030Z",
													"updatedAt": "2018-10-08T19:28:53.012Z",
													"active": true,
													"description": "Grupo superior",
													"code": "GS",
													"saleAvailable": true
											},
											"active": false,
											"description": "Produtos alimentícios",
											"code": "04",
											"saleAvailable": true
									},
									"manufacturer": {
											"id": "128055c6-641e-4863-b9d0-84149df93dab",
											"description": "Agro 100"
									},
									"suppliers": [
											{
													"id": "5e3fe98a-6b71-4b98-be14-b9db5e1c9398",
													"createdAt": "2018-10-10T17:39:30.780Z",
													"updatedAt": "2019-05-09T19:13:54.923Z",
													"active": true,
													"description": "Distribuidora WS"
											}
									],
									"measurementUnitId": "bbe39851-e9d4-4f76-a13b-239fc01841a0",
									"measurementUnitAcronym": "kg",
									"measurementUnitDescription": "Quilograma",
									"active": true,
									"description": "BATATA",
									"code": "PROD2",
									"saleAvailable": true,
									"weight": 12,
									"saleFractioned": false,
									"costPrice": 2,
									"inventories": [
											{
													"id": "6cc18a11-192a-4122-9803-2ecf503b782e",
													"createdAt": "2019-05-21T12:00:38.829Z",
													"updatedAt": "2019-05-21T12:00:38.829Z",
													"quantity": 2,
													"companyId": "0299c7f6-3b4b-4e63-b0ad-1fcc86205322",
													"companyName": "Wealth Systems Informática",
													"companyTradingName": "Wealth Systems"
											},
											{
													"id": "fb725792-db08-435f-ac90-202f601612d9",
													"createdAt": "2019-05-21T12:00:38.831Z",
													"updatedAt": "2019-05-21T12:00:38.831Z",
													"quantity": 50,
													"companyId": "cb610f22-f6ca-4088-9bef-35461b021705",
													"companyName": "WS",
													"companyTradingName": "WS"
											},
											{
													"id": "24e339f5-944b-4e25-969b-bfecc57326f0",
													"createdAt": "2019-05-21T12:00:38.832Z",
													"updatedAt": "2019-05-21T12:00:38.832Z",
													"quantity": 1,
													"companyId": "0299c7f6-3b4b-4e63-b0ad-1fcc86205322",
													"companyName": "Wealth Systems Informática",
													"companyTradingName": "Wealth Systems"
											}
									],
									"packagings": [
											{
													"id": "0522e8b5-e67f-42c8-8525-db6ebd860a71",
													"createdAt": "2019-05-21T12:00:39.397Z",
													"updatedAt": "2019-05-21T12:00:39.397Z",
													"packagingDescription": "Saco",
													"conversionFactor": 50,
													"standard": false
											},
											{
													"id": "f75b61c0-30ec-4dcf-9d1e-6addd5a4350e",
													"createdAt": "2019-05-21T12:00:39.411Z",
													"updatedAt": "2019-05-21T12:00:39.411Z",
													"packagingDescription": "Pacote",
													"conversionFactor": 10,
													"standard": false
											}
									],
									"images": [
											{
													"id": "64e9c15f-1ed2-4c05-bd96-b9967bfd886c",
													"createdAt": "2019-02-26T18:00:47.513Z",
													"updatedAt": "2019-05-21T12:00:39.435Z",
													"imageId": "1aec04e3-fa8b-4a75-ab93-5f320250080e",
													"imageDefault": true,
													"imageOrder": 1,
													"description": "sdf"
											}
									],
									"productUsers": [],
									"companies": [],
									"permissions": [],
									"availableForOpportunity": false
							},
							"priceList": {
									"id": "36516ca1-21a3-454f-b971-ad00c78edda2",
									"description": "Tabela preço do caminho critico - Não alterar",
									"companyPermissions": [],
									"customerPermissions": [],
									"locationPermissions": [],
									"userPermissions": []
							},
							"salesPrice": 5.36,
							"permissions": [],
							"pricesRange": []
					}
			],
			"services": [
					{
							"id": "bb0448c4-5166-481f-83d0-f21c0ec5b9d9",
							"salesPrice": 36.33,
							"service": {
									"id": "397f17e8-3a0c-4080-a51a-436ac4000832",
									"active": true,
									"code": "TRE2",
									"description": "Treinamento 2",
									"recurrencesType": []
							},
							"priceList": {
									"id": "36516ca1-21a3-454f-b971-ad00c78edda2",
									"description": "Tabela preço do caminho critico - Não alterar",
									"companyPermissions": [],
									"customerPermissions": [],
									"locationPermissions": [],
									"userPermissions": []
							},
							"prices": [
									{
											"id": "65f6bb39-8b30-4f90-8065-1e46b33e451d",
											"salesPrice": 30,
											"minimumQuantity": 1,
											"maximumQuantity": 12
									}
							]
					},
					{
							"id": "ffc58203-9dce-4d78-9120-a1bf575fefa4",
							"minimumPrice": 10,
							"maximumPrice": 55.62,
							"costPrice": 10,
							"salesPrice": 50,
							"service": {
									"id": "f5d343dd-a4d3-4c39-b9a9-453a82676c44",
									"active": true,
									"code": "TRE1",
									"description": "Treinamento 1",
									"note": "iojoijiojiojoijiojio",
									"serviceGroup": {
											"id": "ec8a68cf-2a48-411e-b59b-6f86346ac4c9",
											"active": true,
											"code": "11q",
											"description": "Instalações"
									},
									"recurrencesType": [],
									"salesPriceOpportunity": 10,
									"currencyId": "2bbff98e-34a9-48cf-a3ef-207e8b6d97cb",
									"currencyDescription": "Coroa Norueguesa",
									"currencyCode": "NOK",
									"currencySymbol": "kr",
									"availableForOpportunity": true
							},
							"priceList": {
									"id": "36516ca1-21a3-454f-b971-ad00c78edda2",
									"description": "Tabela preço do caminho critico - Não alterar",
									"companyPermissions": [],
									"customerPermissions": [],
									"locationPermissions": [],
									"userPermissions": []
							},
							"prices": [
									{
											"id": "e6bd3601-33a2-4207-aada-677d94e1128e",
											"salesPrice": 49.9,
											"minimumQuantity": 1,
											"maximumQuantity": 5
									},
									{
											"id": "0ec9df8f-800f-4833-a0c1-8e22f3a16350",
											"salesPrice": 49.99,
											"minimumQuantity": 6,
											"maximumQuantity": 10
									}
							]
					}
			],
			"companyPermissions": [],
			"customerPermissions": [],
			"locationPermissions": [],
			"userPermissions": [],
			"currencyId": "5ebcc87b-af5d-42ad-85ad-df620844055f",
			"currencyDescription": "Real Brasileiro",
			"currencyAcronym": "BRL",
			"currencySymbol": "R$",
			"basisDateDays": 30,
			"basisDateRule": "DIAS",
			"interestType": "JS",
			"increasePercentageDue": 10,
			"decreasePercentageDue": 10
	}
	],
	"users": [
		{
			"id": "7636f630-2358-4cf4-a290-2ec0b13ea47c",
			"userGroup": {
					"id": "8c258155-87ef-4c29-a8e1-b4a65f5005ac",
					"description": "Grupo de Administradores",
					"active": true
			},
			"active": true,
			"name": "Administrador",
			"username": "admin@cloud.com",
			"loginTentatives": 0,
			"administrator": true,
			"passwordBlocked": false,
			"lastChangePassword": "2019-05-24",
			"companyIds": [
					"cb610f22-f6ca-4088-9bef-35461b021705"
			],
			"profile": {
					"id": "6c2ccdb7-0003-444b-995e-2c7d39631c1d",
					"description": "admin",
					"active": true,
					"standard": true
			},
			"hasMobileLicense": true,
			"hasWebLicense": true,
			"timeZoneDescription": "Brasil - Brasília, São Paulo",
			"timeZoneId": "9f596395-2f8f-43ec-b7ab-9345d173ca13",
			"firstAccess": false
		}
	],
	"companies": [
		{
			"id": "cb610f22-f6ca-4088-9bef-35461b021705",
			"active": true,
			"headOffice": true,
			"name": "WS",
			"tradingName": "WS",
			"postalCode": "85890-005",
			"address": "Rua presidente bernardes 20019",
			"complement": "Edificio exxa",
			"cityId": "d10ac5b5-183b-41ef-b01e-5b9b4c691e23",
			"city": "Acarape",
			"stateId": "101f5641-45a8-498c-884c-43ad4559975a",
			"state": "Ceara",
			"stateAcronym": "CE",
			"countryId": "9a792485-bfb9-4e87-97d6-b797a994ca2b",
			"country": "Brazil",
			"timeZoneDescription": "Brasil - Brasília, São Paulo",
			"timeZoneId": "9f596395-2f8f-43ec-b7ab-9345d173ca13",
			"redistributor": false
		}
	],
	"incoterms": [
		{
			"id": "47b0968c-760e-4fb7-a1cf-232104359c43",
			"acronym": "CIF",
			"active": true,
			"incotermGroup": "C"
		},
		{
			"id": "fd17b2fe-d425-4880-aedd-0c29fdc04731",
			"acronym": "FOB",
			"active": true,
			"incotermGroup": "F"
		}
	],
	"price-list-items": [
		{
			"id": "10dad3dc-d8ed-434c-870d-d5a559364d85",
			"product": {
					"id": "c9e1c275-f23a-4a60-9689-8c064c9c75ea",
					"createdAt": "2019-02-26T17:51:13.523Z",
					"updatedAt": "2019-05-21T12:00:39.436Z",
					"productGroup": {
							"id": "26634907-75d5-49a1-a555-87075d209cb2",
							"createdAt": "2018-10-08T20:05:56.707Z",
							"updatedAt": "2019-01-16T16:14:01.723Z",
							"productGroupUpper": {
									"id": "934a2d91-ae84-4646-800c-9b1bacb89d8d",
									"createdAt": "2018-10-08T19:28:40.030Z",
									"updatedAt": "2018-10-08T19:28:53.012Z",
									"active": true,
									"description": "Grupo superior",
									"code": "GS",
									"saleAvailable": true
							},
							"active": false,
							"description": "Produtos alimentícios",
							"code": "04",
							"saleAvailable": true
					},
					"manufacturer": {
							"id": "128055c6-641e-4863-b9d0-84149df93dab",
							"description": "Agro 100"
					},
					"suppliers": [
							{
									"id": "5e3fe98a-6b71-4b98-be14-b9db5e1c9398",
									"createdAt": "2018-10-10T17:39:30.780Z",
									"updatedAt": "2019-05-09T19:13:54.923Z",
									"active": true,
									"description": "Distribuidora WS"
							}
					],
					"measurementUnitId": "bbe39851-e9d4-4f76-a13b-239fc01841a0",
					"measurementUnitAcronym": "kg",
					"measurementUnitDescription": "Quilograma",
					"active": true,
					"description": "BATATA",
					"code": "PROD2",
					"saleAvailable": true,
					"weight": 12,
					"saleFractioned": false,
					"costPrice": 2,
					"inventories": [
							{
									"id": "6cc18a11-192a-4122-9803-2ecf503b782e",
									"createdAt": "2019-05-21T12:00:38.829Z",
									"updatedAt": "2019-05-21T12:00:38.829Z",
									"quantity": 2,
									"companyId": "0299c7f6-3b4b-4e63-b0ad-1fcc86205322",
									"companyName": "Wealth Systems Informática",
									"companyTradingName": "Wealth Systems"
							},
							{
									"id": "fb725792-db08-435f-ac90-202f601612d9",
									"createdAt": "2019-05-21T12:00:38.831Z",
									"updatedAt": "2019-05-21T12:00:38.831Z",
									"quantity": 50,
									"companyId": "cb610f22-f6ca-4088-9bef-35461b021705",
									"companyName": "WS",
									"companyTradingName": "WS"
							},
							{
									"id": "24e339f5-944b-4e25-969b-bfecc57326f0",
									"createdAt": "2019-05-21T12:00:38.832Z",
									"updatedAt": "2019-05-21T12:00:38.832Z",
									"quantity": 1,
									"companyId": "0299c7f6-3b4b-4e63-b0ad-1fcc86205322",
									"companyName": "Wealth Systems Informática",
									"companyTradingName": "Wealth Systems"
							}
					],
					"packagings": [
							{
									"id": "0522e8b5-e67f-42c8-8525-db6ebd860a71",
									"createdAt": "2019-05-21T12:00:39.397Z",
									"updatedAt": "2019-05-21T12:00:39.397Z",
									"packagingDescription": "Saco",
									"conversionFactor": 50,
									"standard": false
							},
							{
									"id": "f75b61c0-30ec-4dcf-9d1e-6addd5a4350e",
									"createdAt": "2019-05-21T12:00:39.411Z",
									"updatedAt": "2019-05-21T12:00:39.411Z",
									"packagingDescription": "Pacote",
									"conversionFactor": 10,
									"standard": false
							}
					],
					"images": [
							{
									"id": "64e9c15f-1ed2-4c05-bd96-b9967bfd886c",
									"createdAt": "2019-02-26T18:00:47.513Z",
									"updatedAt": "2019-05-21T12:00:39.435Z",
									"imageId": "1aec04e3-fa8b-4a75-ab93-5f320250080e",
									"imageDefault": true,
									"imageOrder": 1,
									"description": "sdf"
							}
					],
					"productUsers": [],
					"companies": [],
					"permissions": [],
					"availableForOpportunity": false
			},
			"priceList": {
					"id": "36516ca1-21a3-454f-b971-ad00c78edda2",
					"description": "Tabela preço do caminho critico - Não alterar",
					"companyPermissions": [],
					"customerPermissions": [],
					"locationPermissions": [],
					"userPermissions": []
			},
			"salesPrice": 5.36,
			"permissions": [],
			"pricesRange": []
	},
	{
			"id": "7e550f42-ca2e-4ab2-a2fd-fe3436664cbc",
			"product": {
					"id": "85d87b27-df68-4996-bcfd-d4534a4409b2",
					"createdAt": "2018-10-08T17:54:29.445Z",
					"updatedAt": "2019-05-24T13:55:51.511Z",
					"productGroup": {
							"id": "26634907-75d5-49a1-a555-87075d209cb2",
							"createdAt": "2018-10-08T20:05:56.707Z",
							"updatedAt": "2019-01-16T16:14:01.723Z",
							"productGroupUpper": {
									"id": "934a2d91-ae84-4646-800c-9b1bacb89d8d",
									"createdAt": "2018-10-08T19:28:40.030Z",
									"updatedAt": "2018-10-08T19:28:53.012Z",
									"active": true,
									"description": "Grupo superior",
									"code": "GS",
									"saleAvailable": true
							},
							"active": false,
							"description": "Produtos alimentícios",
							"code": "04",
							"saleAvailable": true
					},
					"suppliers": [],
					"measurementUnitId": "bbe39851-e9d4-4f76-a13b-239fc01841a0",
					"measurementUnitAcronym": "kg",
					"measurementUnitDescription": "Quilograma",
					"active": true,
					"description": "Arroz",
					"code": "PROD1",
					"note": "observação do arroz para ver se quebra linha no item do pedido",
					"saleAvailable": true,
					"weight": 5,
					"saleFractioned": true,
					"costPrice": 56.36,
					"inventories": [
							{
									"id": "f6ddd9ce-0d9e-4c52-9e3a-9419bee86b17",
									"createdAt": "2019-05-20T17:01:31.261Z",
									"updatedAt": "2019-05-24T13:55:51.495Z",
									"quantity": 20,
									"companyId": "cb610f22-f6ca-4088-9bef-35461b021705",
									"companyName": "WS",
									"companyTradingName": "WS"
							},
							{
									"id": "f5c2eec5-bcdd-48b3-934e-1d09a3d12715",
									"createdAt": "2019-05-20T17:01:31.262Z",
									"updatedAt": "2019-05-24T13:55:51.497Z",
									"quantity": 10,
									"companyId": "c6fd5abe-6f16-4051-a8e5-a7458f923ffc",
									"companyName": "Bayer",
									"companyTradingName": "Bayer"
							}
					],
					"packagings": [
							{
									"id": "8649cb38-5d3f-49cc-a9a8-37857aae9557",
									"createdAt": "2019-05-20T17:01:31.271Z",
									"updatedAt": "2019-05-24T13:55:51.499Z",
									"packagingDescription": "Fardo",
									"conversionFactor": 10,
									"standard": false
							},
							{
									"id": "e6de38ac-1db0-487b-a6e6-3494fa7c7361",
									"createdAt": "2019-05-20T17:01:31.272Z",
									"updatedAt": "2019-05-24T13:55:51.500Z",
									"packagingDescription": "Caixa",
									"conversionFactor": 12,
									"standard": false
							},
							{
									"id": "b1e92b37-e0ab-4e47-81dc-c9ceb3df1d40",
									"createdAt": "2019-05-20T17:01:31.273Z",
									"updatedAt": "2019-05-24T13:55:51.501Z",
									"packagingDescription": "Caixa pequena",
									"conversionFactor": 3,
									"standard": false
							},
							{
									"id": "ee23862b-1074-4a31-895e-2a22d3c04f26",
									"createdAt": "2019-05-20T17:01:31.274Z",
									"updatedAt": "2019-05-24T13:55:51.502Z",
									"packagingDescription": "fardinho",
									"conversionFactor": 5,
									"standard": false
							},
							{
									"id": "39085a4f-3d99-4e0f-9821-91dfb24e43bf",
									"createdAt": "2019-05-20T17:01:31.274Z",
									"updatedAt": "2019-05-24T13:55:51.503Z",
									"packagingDescription": "Fardo grande",
									"conversionFactor": 50,
									"standard": false
							}
					],
					"images": [
							{
									"id": "11d91c2f-6093-4aa6-bac4-9596ad1e6469",
									"createdAt": "2019-03-19T16:31:28.967Z",
									"updatedAt": "2019-05-24T13:55:51.505Z",
									"imageId": "1d5e5395-2de9-4317-aba2-22e1958893d3",
									"imageDefault": true,
									"imageOrder": 1,
									"description": "arroz"
							}
					],
					"productUsers": [],
					"companies": [],
					"permissions": [
							{
									"id": "4128f056-2398-472c-96e9-c83df384e84f",
									"createdAt": "2018-10-08T20:08:04.365Z",
									"updatedAt": "2019-05-24T13:55:51.509Z",
									"entity": "User",
									"selectAll": true
							},
							{
									"id": "110604e9-50ce-4f6f-aaed-a22e48587c4f",
									"createdAt": "2018-10-08T20:08:04.365Z",
									"updatedAt": "2019-05-24T13:55:51.510Z",
									"entity": "Company",
									"selectAll": true
							}
					],
					"availableForOpportunity": false
			},
			"priceList": {
					"id": "36516ca1-21a3-454f-b971-ad00c78edda2",
					"description": "Tabela preço do caminho critico - Não alterar",
					"companyPermissions": [],
					"customerPermissions": [],
					"locationPermissions": [],
					"userPermissions": []
			},
			"salesPrice": 57,
			"permissions": [],
			"pricesRange": []
		}
	],
	"exchangerates": [
		{
			"id": "42851313-c5d5-482b-b7bd-3553d497f22b",
			"currency": {
					"id": "5ebcc87b-af5d-42ad-85ad-df620844055f",
					"description": "Real Brasileiro",
					"code": "BRL",
					"standard": true,
					"active": true,
					"symbol": "R$"
			},
			"exchangeCurrency": {
					"id": "67828a92-1503-4adb-c31b-c5416ad47c73",
					"description": "Dólar Americano",
					"code": "USD",
					"standard": false,
					"active": true,
					"symbol": "US$"
			},
			"date": "2018-12-07",
			"value": 3.78
	},
	{
			"id": "8bc13356-e902-4fae-a620-bb15c76a97dc",
			"currency": {
					"id": "5ebcc87b-af5d-42ad-85ad-df620844055f",
					"description": "Real Brasileiro",
					"code": "BRL",
					"standard": true,
					"active": true,
					"symbol": "R$"
			},
			"exchangeCurrency": {
					"id": "2bbff98e-34a9-48cf-a3ef-207e8b6d97cb",
					"description": "Coroa Norueguesa",
					"code": "NOK",
					"standard": false,
					"active": true,
					"symbol": "kr"
			},
			"date": "2018-12-04",
			"value": 3.36
	},
	{
			"id": "a277570f-d745-4bec-ad53-8cd1c1225813",
			"currency": {
					"id": "5ebcc87b-af5d-42ad-85ad-df620844055f",
					"description": "Real Brasileiro",
					"code": "BRL",
					"standard": true,
					"active": true,
					"symbol": "R$"
			},
			"exchangeCurrency": {
					"id": "67828a92-1503-4adb-c31b-c5416ad47c73",
					"description": "Dólar Americano",
					"code": "USD",
					"standard": false,
					"active": true,
					"symbol": "US$"
			},
			"date": "2018-12-04",
			"value": 3.81
	}
	], 
	"currencies": [
		{
			"id": "5ebcc87b-af5d-42ad-85ad-df620844055f",
			"description": "Real Brasileiro",
			"code": "BRL",
			"standard": true,
			"active": true,
			"symbol": "R$"
		}
	],
	"orderCurrency": [
		{
			"currency": {
				"id": "5ebcc87b-af5d-42ad-85ad-df620844055f",
				"description": "Real Brasileiro"
			},
			"currencyQuotation": {
				"id": "42851313-c5d5-482b-b7bd-3553d497f22b",
				"date": "2018-12-07",
				"value": "3.78"
			}
		}
	]
}
